,complete_SVC,complete_RFC,complete_SVM,complete_SVP,complete_Logistic,complete_Ridge,complete_EN,complete_ET,complete_KNN,complete_XGB,complete_Ada,complete_MLP1,RPPA_SVC,RPPA_RFC,RPPA_SVM,RPPA_SVP,RPPA_Logistic,RPPA_Ridge,RPPA_EN,RPPA_ET,RPPA_KNN,RPPA_XGB,RPPA_Ada,RPPA_MLP1,RNA_SVC,RNA_RFC,RNA_SVM,RNA_SVP,RNA_Logistic,RNA_Ridge,RNA_EN,RNA_ET,RNA_KNN,RNA_XGB,RNA_Ada,RNA_MLP1,MIRNA_SVC,MIRNA_RFC,MIRNA_SVM,MIRNA_SVP,MIRNA_Logistic,MIRNA_Ridge,MIRNA_EN,MIRNA_ET,MIRNA_KNN,MIRNA_XGB,MIRNA_Ada,MIRNA_MLP1,META_SVC,META_RFC,META_SVM,META_SVP,META_Logistic,META_Ridge,META_EN,META_ET,META_KNN,META_XGB,META_Ada,META_MLP1,DNA_SVC,DNA_RFC,DNA_SVM,DNA_SVP,DNA_Logistic,DNA_Ridge,DNA_EN,DNA_ET,DNA_KNN,DNA_XGB,DNA_Ada,DNA_MLP1,PATHWAYS_SVC,PATHWAYS_RFC,PATHWAYS_SVM,PATHWAYS_SVP,PATHWAYS_Logistic,PATHWAYS_Ridge,PATHWAYS_EN,PATHWAYS_ET,PATHWAYS_KNN,PATHWAYS_XGB,PATHWAYS_Ada,PATHWAYS_MLP1,TYPE_SVC,TYPE_RFC,TYPE_SVM,TYPE_SVP,TYPE_Logistic,TYPE_Ridge,TYPE_EN,TYPE_ET,TYPE_KNN,TYPE_XGB,TYPE_Ada,TYPE_MLP1
complete_SVC,0.6140692640692641,0.6463400236127509,0.6648760330578513,0.6548012593467138,0.6512199921290831,0.6603109012199921,0.672461629279811,0.6325462416371507,0.6468811491538764,0.6673258559622196,0.6061294765840219,0.6471074380165289,0.6561491538764266,0.6286698150334513,0.6487996851633215,0.663439590712318,0.6511609602518693,0.6006887052341598,0.6558835104289649,0.634228650137741,0.6455726092089729,0.625137741046832,0.6399153876426603,0.6494982290436836,0.614069264069264,0.6355076741440377,0.6488193624557261,0.6539354584809131,0.6511412829594648,0.6594057457693822,0.6468614718614718,0.6442148760330578,0.6511412829594649,0.5991145218417946,0.6000590318772137,0.6140692640692641,0.5885084612357339,0.5895120031483667,0.5688803620621803,0.6256395120031483,0.5684671389216843,0.5684671389216844,0.645857929948839,0.600974025974026,0.6461038961038962,0.5953069657615112,0.574724517906336,0.6344057457693821,0.5828610783156237,0.6355470287288469,0.6345434868162141,0.6305194805194805,0.6035911058638331,0.6066017316017316,0.5730913026367572,0.5905450609996065,0.6352912239275875,0.6436835891381346,0.5763183785911059,0.6220484061393152,0.6420405352223535,0.6590810704447069,0.6375147579693035,0.6038862652499016,0.644047619047619,0.6383215269578906,0.6516135379771744,0.6495375836284927,0.5882034632034632,0.6387937819756002,0.6537583628492719,0.6502656434474615,0.6351239669421487,0.6214580873671782,0.6487504919323102,0.6026957890594254,0.6372786304604487,0.6330184966548603,0.635615899252263,0.6304801259346713,0.5974616292798112,0.5756001574183391,0.5926603699330972,0.6351141282959466,0.6287386855568673,0.627439984258166,0.6287386855568673,0.6287386855568673,0.6287386855568673,0.6287386855568673,0.612012987012987,0.6347992916174734,0.6313262495080677,0.6236717827626919,0.6291715859897677,0.6351338055883511
complete_RFC,,0.6383116883116884,0.6798307752853207,0.6711924439197167,0.6665289256198348,0.6730617866981502,0.687534435261708,0.6487996851633215,0.6552833530106257,0.6830086580086581,0.6131739472648563,0.6617473435655252,0.6643349075167257,0.6562377016922472,0.6673356946084219,0.6726288862652499,0.6658795749704841,0.6244195198740654,0.6636560409287682,0.6550669027941756,0.6621015348288075,0.6289157811885084,0.6596517119244393,0.6638429752066115,0.6441755214482487,0.6468417945690674,0.6660960251869343,0.6676111767020857,0.6707005116096025,0.6741637150728059,0.6636265249901614,0.6602518693427784,0.6625541125541126,0.6208382526564344,0.6251672569854388,0.6383116883116884,0.6097796143250689,0.6056277056277055,0.6024498229043683,0.6524203069657614,0.6028630460448643,0.6056768988587171,0.6689590712317985,0.6253541912632821,0.6650924832743014,0.6142365210547029,0.6024301456119637,0.65780204643841,0.6134199134199134,0.6623868555686736,0.6569559228650138,0.6508067689885871,0.625137741046832,0.6314541519086975,0.6007969303423849,0.6225403384494292,0.6685852026761117,0.6643447461629279,0.603827233372688,0.6479634002361275,0.6599665486029123,0.6731109799291617,0.6509937032664306,0.6544372294372295,0.6604584809130263,0.6535320739866194,0.6670405352223534,0.6694903581267218,0.6158107044470681,0.6639216843762299,0.6730027548209366,0.6699232585596221,0.6617866981503345,0.628659976387249,0.6652990948445494,0.6300078709169619,0.6575068870523417,0.6528335301062574,0.6591105863833138,0.6511806375442738,0.6136560409287682,0.6024399842581661,0.6228059818968908,0.6538272333726878,0.6259051554506101,0.6464679260133807,0.6259051554506101,0.6259051554506101,0.6259051554506101,0.6259051554506101,0.647491145218418,0.6559917355371901,0.6538961038961039,0.6570051160960252,0.6490653286107833,0.6543781975600158
complete_SVM,,,0.6478354978354978,0.65271546635183,0.6446477764659583,0.6472451790633609,0.673396300669028,0.6647186147186147,0.6668831168831169,0.6759346713892168,0.6260133805588352,0.6523809523809524,0.6763478945297127,0.6682211727666272,0.6790240062967335,0.6788862652499017,0.6686343959071233,0.6313656040928768,0.6744391971664699,0.6644234553325463,0.6746162927981109,0.6698543880362063,0.6655253837072019,0.6746950019677291,0.6640102321920504,0.6702479338842975,0.6515741833923652,0.6581660763478945,0.654978354978355,0.6601731601731602,0.6584415584415584,0.6739669421487603,0.6749901613537976,0.6263478945297127,0.6340810704447069,0.6478354978354978,0.6155450609996065,0.616194411648957,0.6097402597402597,0.6565722156631247,0.6131641086186541,0.6164895710350257,0.6696772924045652,0.658284140102322,0.6745375836284928,0.625659189295553,0.611668634395907,0.665702479338843,0.6343171979535616,0.6642857142857144,0.673120818575364,0.6661157024793388,0.6608815426997244,0.6557851239669421,0.6244588744588745,0.6382526564344746,0.684927194018103,0.6750491932310114,0.6100354191263282,0.6595631641086186,0.6637741046831956,0.6712908303817395,0.6557654466745376,0.6321526957890594,0.6614325068870524,0.6570051160960251,0.6670011806375442,0.6670405352223533,0.6347107438016529,0.6359504132231405,0.6754033844942937,0.6703659976387248,0.6738488783943328,0.6611963793781974,0.6832939787485242,0.6326839826839827,0.6748524203069657,0.6725698543880363,0.6768988587170405,0.666056670602125,0.6398858717040534,0.6196772924045651,0.6306375442739078,0.6687918142463596,0.6632428177882723,0.6634592680047224,0.6632428177882723,0.6632428177882723,0.6632428177882723,0.6632428177882723,0.6631837859110585,0.6701692247146792,0.6685950413223141,0.6687131050767415,0.6651908697363242,0.6695198740653285
complete_SVP,,,,0.6432900432900432,0.6437426210153483,0.6493900039354585,0.6697166469893743,0.6553128689492326,0.6584022038567493,0.6713301849665486,0.6193231011412831,0.6487209759937034,0.6689295552931916,0.6653679653679653,0.6749508067689886,0.6735143644234552,0.6663911845730027,0.6315623770169225,0.6656040928768201,0.6562377016922472,0.6667256985438803,0.6594647776465958,0.6561983471074381,0.6706218024399841,0.6541519086973633,0.6607634789452972,0.6464974419519874,0.6508854781582054,0.6496654860291224,0.6531286894923258,0.6468122786304604,0.6650531286894923,0.6570051160960252,0.6125344352617079,0.6270365997638724,0.6432900432900432,0.6138528138528138,0.6359897678079496,0.603305785123967,0.6510232192050374,0.6023219205037387,0.607733175914994,0.6665092483274302,0.6377016922471468,0.6722353404171585,0.6258953168044078,0.6019677292404565,0.6609602518693427,0.6312475403384494,0.6645415190869736,0.6633608815426997,0.6600354191263282,0.6551751279024007,0.6477764659582841,0.6276269185360095,0.6256985438803622,0.6769578905942543,0.6695592286501377,0.6099173553719008,0.6530499803227076,0.6580873671782763,0.6668831168831169,0.6523415977961433,0.6256985438803621,0.6568673750491932,0.6507477371113735,0.6633412042502951,0.6604092876820149,0.6253246753246753,0.6532861078315623,0.6678079496261314,0.6637741046831955,0.6703463203463204,0.6592089728453365,0.6790830381739473,0.6277253049980323,0.6706414797323889,0.6651318378591105,0.6727075954348682,0.6627902400629673,0.640495867768595,0.6164108618654074,0.6281188508461234,0.664797323888233,0.6557851239669421,0.6583825265643447,0.6557851239669421,0.6557851239669421,0.6557851239669421,0.6557851239669421,0.6559228650137741,0.6624950806768989,0.6620425029515938,0.6648366784730421,0.6594647776465958,0.665249901613538
complete_Logistic,,,,,0.6346320346320347,0.6415387642660371,0.6656729634002361,0.6495670995670996,0.6539649744195198,0.6671684376229832,0.6077036599763873,0.6419323101141282,0.6668732782369146,0.658185753640299,0.6677882723337267,0.6657024793388431,0.6645611963793782,0.6213498622589532,0.6626328217237308,0.6522530499803227,0.6491341991341992,0.6539649744195198,0.6513872491145218,0.6636068476977568,0.650137741046832,0.6544175521448248,0.6397087760724124,0.646694214876033,0.6439590712317985,0.6491538764266037,0.6434376229830775,0.6614718614718614,0.6501967729240457,0.6152892561983471,0.6196182605273515,0.6346320346320347,0.6058441558441559,0.6277056277056278,0.5965072805981897,0.6422077922077921,0.5934376229830776,0.597983077528532,0.657762691853601,0.6408992522628887,0.6620621802439984,0.610163321526958,0.592060212514758,0.6540436835891381,0.6211924439197166,0.6501475796930343,0.6577036599763872,0.6528138528138528,0.6490653286107831,0.6427095631641088,0.599025974025974,0.6177194018103108,0.6713203463203461,0.6651711924439196,0.5984159779614324,0.6467040535222353,0.6547520661157025,0.6628984651711924,0.6473337268791814,0.6157910271546635,0.6518595041322314,0.6457398661944117,0.6570444706808343,0.6554210940574576,0.6196477764659584,0.646310507674144,0.6636166863439591,0.6587072018890201,0.6637544273907909,0.6517611176702086,0.6698642266824085,0.617827626918536,0.6644529712711531,0.6600354191263282,0.6667453758362848,0.6551357733175915,0.6302636757182212,0.6039157811885085,0.6174537583628492,0.6586088154269971,0.64875049193231,0.6511314443132623,0.64875049193231,0.64875049193231,0.64875049193231,0.64875049193231,0.6497540338449428,0.6554604486422668,0.6532861078315624,0.6554702872884691,0.6532959464777647,0.6571920503738685
complete_Ridge,,,,,,0.6387445887445888,0.6734651711924439,0.6528335301062573,0.6610291223927588,0.6736225895316805,0.6183884297520661,0.646241637150728,0.6735635576544667,0.6612750885478158,0.6722353404171586,0.6746753246753247,0.6615702479338843,0.6234750098386461,0.6662337662337661,0.6574872097599369,0.6665486029122393,0.6590417158598977,0.660242030696576,0.667896497441952,0.6587957497048406,0.6622097599370326,0.6454742227469501,0.6514561196379377,0.6486619441164896,0.6525974025974026,0.6506985438803621,0.6648170011806375,0.6637347500983865,0.6165879574970484,0.6262298307752854,0.6387445887445888,0.6070247933884299,0.606690279417552,0.5998327430145612,0.6491341991341992,0.6055194805194806,0.6059523809523808,0.6591401023219204,0.6476879181424636,0.67012987012987,0.6195297127115309,0.6009149940968123,0.6578414010232192,0.6239079102715467,0.6547717434081071,0.6668339236521055,0.6621408894136167,0.6550275482093665,0.6495179063360881,0.6270464384100748,0.6267709563164109,0.676259346713892,0.66650924832743,0.6017611176702086,0.6528630460448641,0.6572510822510823,0.6654171585989769,0.649793388429752,0.6244490358126721,0.6558933490751672,0.6516824085005902,0.6619047619047619,0.6616194411648957,0.6202577725304999,0.6501475796930342,0.6691066509248327,0.665141676505313,0.6654073199527745,0.6523120818575363,0.6708480913026367,0.6158598976780795,0.6681129476584021,0.6651908697363241,0.6695198740653285,0.6584809130263676,0.6288665879574971,0.6107831562377016,0.622668240850059,0.6618358913813459,0.6567394726485636,0.656306572215663,0.6567394726485636,0.6567394726485636,0.6567394726485636,0.6567394726485636,0.6573297914207005,0.6638823297914207,0.6625344352617081,0.6621999212908303,0.6589039748130656,0.6623671782762692
complete_EN,,,,,,,0.6670995670995671,0.6749114521841794,0.6837367178276269,0.6871408894136168,0.6464285714285714,0.6626426603699331,0.6897481306572215,0.6835005903187722,0.6915682802046439,0.6892561983471074,0.6899940968122786,0.6434474616292799,0.6834907516725699,0.6859897678079496,0.6909878000787092,0.6802046438410075,0.6779614325068872,0.6829594647776465,0.6726780794962613,0.6816509248327429,0.676987406532861,0.679879968516332,0.6795159386068476,0.6860094451003541,0.6737209759937033,0.682487209759937,0.6877410468319558,0.6470582447855175,0.6414108618654073,0.6670995670995671,0.6450413223140495,0.6463990554899646,0.6332939787485242,0.6751082251082251,0.6314935064935066,0.6345238095238095,0.6945493900039355,0.6743408107044471,0.6978354978354978,0.6527744982290437,0.6236324281778828,0.6840220385674931,0.6416174734356552,0.695543093270366,0.6832939787485242,0.6818772136953954,0.6542896497441952,0.6648170011806375,0.6366096025186934,0.6719598583234947,0.6995277449822904,0.6868654073199527,0.628551751279024,0.6758559622195986,0.6729929161747343,0.677685950413223,0.6573888232979141,0.6374754033844943,0.6562573789846515,0.6624557260920898,0.672668240850059,0.6763085399449036,0.6503246753246754,0.6420897284533649,0.6852125147579693,0.6786206218024399,0.6855863833136561,0.6556867375049192,0.693486816214089,0.6543781975600157,0.685478158205431,0.682556080283353,0.6890495867768595,0.676357733175915,0.6597599370326643,0.6460153482880756,0.6481404958677686,0.6787682014954741,0.6785517512790239,0.6800669027941755,0.6785517512790239,0.6785517512790239,0.6785517512790239,0.6785517512790239,0.6797815820543093,0.6846123573396301,0.6830578512396694,0.6891184573002754,0.6822314049586776,0.687780401416765
complete_ET,,,,,,,,0.6147186147186148,0.6378984651711924,0.6682605273514364,0.6018103109012201,0.6455135773317592,0.6521054702872885,0.635792994883904,0.6482290436835891,0.6617866981503345,0.6530106257378985,0.634297520661157,0.650314836678473,0.6376623376623377,0.6407516725698543,0.6252066115702479,0.6356552538370721,0.6453955135773317,0.6275678866587957,0.6256788665879575,0.6408697363242818,0.6499016135379772,0.6467926013380558,0.6566706021251476,0.6473632428177882,0.6422865013774105,0.6453955135773317,0.6017512790240064,0.5863439590712318,0.6147186147186148,0.5861471861471861,0.5861471861471862,0.5780794962613144,0.6269972451790633,0.5763282172373081,0.5823888232979142,0.6473435655253837,0.602439984258166,0.6488587170405352,0.6005903187721369,0.5725698543880362,0.6269972451790633,0.5950806768988588,0.6386068476977569,0.6376623376623377,0.6317001180637544,0.6315426997245178,0.6079496261314443,0.5863833136560409,0.5954545454545455,0.6375442739079102,0.6323297914207006,0.5862062180243999,0.6287288469106651,0.6474813065722157,0.6388036206218024,0.6411452184179456,0.6071231798504526,0.646477764659583,0.6434474616292798,0.6509641873278237,0.6357142857142857,0.5836284927194019,0.6416568280204643,0.6558048012593467,0.6427194018103108,0.6414797323888234,0.6280794962613145,0.6548406139315229,0.5933097205824478,0.6410665092483274,0.6353010625737898,0.6409287682014955,0.6214088941361668,0.622038567493113,0.5858520267611177,0.6068476977567887,0.640633608815427,0.6335497835497835,0.6309523809523809,0.6335497835497835,0.6335497835497835,0.6335497835497835,0.6335497835497835,0.6159386068476976,0.6357142857142858,0.6246753246753247,0.6254820936639118,0.6331168831168832,0.6350059031877213
complete_KNN,,,,,,,,,0.5961038961038962,0.6658402203856749,0.6143841007477372,0.6538075560802833,0.6742522628886265,0.6400334513970878,0.6450118063754428,0.6685163321526957,0.6508756395120031,0.6153482880755607,0.6606650924832744,0.6410369933097206,0.6246556473829201,0.6228158205430934,0.619391971664699,0.6427882723337269,0.6414698937426211,0.6426800472255018,0.6415092483274302,0.6497343565525384,0.648051948051948,0.6549783549783549,0.6495670995670995,0.6529909484454939,0.6112554112554113,0.6176997245179063,0.6089236521054703,0.5961038961038962,0.564305391578119,0.6116883116883118,0.5560114128295947,0.6175521448248721,0.5608225108225109,0.5846320346320347,0.6085694608421881,0.5807064147973239,0.6311885084612356,0.5729338842975207,0.5811589925226288,0.627262888626525,0.570680834317198,0.6129476584022038,0.6271054702872884,0.6205037386855569,0.621103896103896,0.6143349075167256,0.5832939787485243,0.5892660369933097,0.6190771349862259,0.630155450609996,0.5694706808343172,0.6173061786698151,0.6288469106650924,0.6351928374655648,0.6224124360487997,0.620995670995671,0.6333825265643447,0.6286206218024399,0.6328610783156238,0.6224419519874065,0.6171782762691853,0.6316509248327431,0.6382231404958677,0.634258166076348,0.6254329004329005,0.6235832349468714,0.65961235733963,0.5809031877213696,0.6384002361275087,0.6282467532467532,0.6369047619047619,0.6199035812672176,0.6183589138134592,0.5785615899252262,0.6120523415977962,0.6297422274695001,0.6105371900826446,0.6114029909484454,0.6105371900826446,0.6105371900826446,0.6105371900826446,0.6105371900826446,0.6063557654466745,0.6237603305785124,0.6086383313656041,0.6221763085399449,0.6120523415977961,0.6208480913026367
complete_XGB,,,,,,,,,,0.6476190476190476,0.6222746950019677,0.6639807162534435,0.6809818968909878,0.6709071231798504,0.6750590318772136,0.6753246753246753,0.6781877213695395,0.6273711137347501,0.676879181424636,0.6696280991735538,0.6778630460448642,0.6645710350255805,0.6624852420306966,0.679801259346714,0.6664600550964188,0.6706611570247933,0.6729929161747343,0.6749409681227864,0.6677292404565132,0.6772530499803227,0.668280204643841,0.6652302243211334,0.674163715072806,0.6231700118063754,0.6208087367178277,0.6476190476190476,0.6126918536009445,0.654978354978355,0.6098091302636757,0.6645611963793783,0.6144431326249508,0.619637937819756,0.6672471467926014,0.6324380165289256,0.6834513970877608,0.6316115702479339,0.6049094844549391,0.6723042109405746,0.6271153089334908,0.6715072805981898,0.6677390791027153,0.662396694214876,0.6374360487996851,0.6379870129870129,0.6165289256198347,0.633185753640299,0.67862062180244,0.6693526170798898,0.6030598189689099,0.6593959071231799,0.6735537190082643,0.6758658008658008,0.660271546635183,0.6650137741046832,0.666991341991342,0.6636658795749705,0.6702085792994884,0.6751180637544273,0.6659386068476978,0.6694903581267218,0.6790928768201495,0.6793978748524203,0.6628787878787878,0.658254624163715,0.6716745375836284,0.6263380558835104,0.6744883903974813,0.671792601338056,0.6735242030696577,0.6604978354978355,0.6618260527351436,0.6277351436442344,0.6251967729240457,0.6703758362849273,0.6681326249508067,0.664452971271153,0.6681326249508067,0.6681326249508067,0.6681326249508067,0.6681326249508067,0.6457693821330184,0.6707300275482093,0.6665682802046439,0.6577922077922078,0.6672668240850059,0.6711629279811098
complete_Ada,,,,,,,,,,,0.5556277056277056,0.6130558835104288,0.6166765053128689,0.6201200314836678,0.6263774104683196,0.6381936245572609,0.6220680834317198,0.5844746162927981,0.6017709563164109,0.6357241243604881,0.6212317985045258,0.5959956709956711,0.6007575757575758,0.6101042896497442,0.577125147579693,0.590633608815427,0.5921585989767808,0.6071526957890594,0.6043486816214089,0.610409287682015,0.6127312081857536,0.6135970090515546,0.6080873671782763,0.5817296340023613,0.5803915781188509,0.5556277056277056,0.529456906729634,0.5288469106650925,0.5190377804014168,0.5625737898465172,0.503797717434081,0.5200314836678472,0.5405057064147972,0.5404663518299883,0.5719795356158993,0.5311786698150335,0.5236029122392758,0.5679752066115702,0.5752262888626525,0.5466351829988193,0.6050669027941755,0.576288862652499,0.5780106257378985,0.5613833136560409,0.5717630853994491,0.5656139315230224,0.6111275088547817,0.5827922077922076,0.5356847697756788,0.5692345533254624,0.587957497048406,0.5983963006690279,0.5671979535615901,0.566332152695789,0.5851928374655648,0.5695493900039355,0.6035419126328218,0.6048701298701298,0.5178473042109405,0.5707300275482095,0.5775974025974027,0.615879574970484,0.5967434081070445,0.5855470287288469,0.6021940181031089,0.5613636363636363,0.596133412042503,0.585999606454152,0.5985537190082645,0.6029811097992915,0.5708972845336481,0.5600846123573395,0.5546733569460842,0.5898563557654468,0.5894824872097599,0.5951101928374655,0.5894824872097599,0.5894824872097599,0.5894824872097599,0.5894824872097599,0.5898465171192443,0.6059327036599763,0.5824085005903188,0.6130853994490357,0.5968417945690673,0.6047323888232979
complete_MLP1,,,,,,,,,,,,0.63008658008658,0.6592975206611571,0.6499016135379772,0.6575560802833529,0.6613144431326249,0.658284140102322,0.6494293585202676,0.656788665879575,0.6503049980322707,0.6458874458874458,0.6496950019677292,0.6481995277449822,0.6532172373081464,0.6471074380165289,0.6484159779614325,0.6422471467926013,0.6483667847304211,0.6488783943329397,0.6536402990948444,0.6473337268791814,0.6523809523809525,0.6487406532861077,0.6004132231404958,0.6060802833530106,0.63008658008658,0.6049193231011413,0.6241833923652106,0.5975895316804408,0.6413419913419913,0.5938705234159779,0.6005804801259347,0.657762691853601,0.6268890200708382,0.6586580086580087,0.6151416765053128,0.5891873278236914,0.649931129476584,0.6121605667060213,0.6520365997638724,0.6499114521841795,0.6512987012987013,0.6213597009051555,0.6240948445493899,0.5996753246753247,0.609120425029516,0.6403089334907517,0.6519677292404565,0.6001475796930342,0.6237603305785124,0.643555686737505,0.650836284927194,0.6354879968516333,0.6116194411648957,0.6395808736717827,0.6349763872491145,0.646064541519087,0.6472550177095632,0.6103994490358127,0.6415486029122393,0.6526367571822117,0.6485930735930736,0.660724124360488,0.6500295159386068,0.6653187721369539,0.6150137741046832,0.6555785123966942,0.6583038173947265,0.6559228650137742,0.6527548209366392,0.6447658402203856,0.6065131837859111,0.6217827626918536,0.6555785123966944,0.6446379378197559,0.6463695395513577,0.6446379378197559,0.6446379378197559,0.6446379378197559,0.6446379378197559,0.6460743801652893,0.6513478945297126,0.6480913026367572,0.6571428571428571,0.6474517906336088,0.6536698150334515
RPPA_SVC,,,,,,,,,,,,,0.6426406926406927,0.646310507674144,0.6573297914207005,0.6686343959071233,0.6193722943722942,0.6152892561983471,0.6574970484061393,0.6442542306178669,0.6601928374655647,0.6263675718221172,0.6549390003935457,0.6505312868949232,0.6529024006296733,0.6620326643053915,0.6700806768988586,0.6691361668634395,0.6745769382133018,0.6778433687524597,0.6661648957103503,0.662987012987013,0.673711137347501,0.6226977567886658,0.6329693034238488,0.6426406926406927,0.6248720975993705,0.6033648170011806,0.6025383707201888,0.65271546635183,0.6027056277056276,0.6063852813852814,0.67353404171586,0.648642266824085,0.6641873278236915,0.6282959464777645,0.6042896497441952,0.6580676898858717,0.6199330972058245,0.6676210153482881,0.6682408500590318,0.6723927587563951,0.6319756001574183,0.6593467138921685,0.6054998032270759,0.6346713892168439,0.6733175914994097,0.6573101141282958,0.6262691853600945,0.6651908697363242,0.670789059425423,0.6789649744195198,0.6612652499016136,0.6648268398268398,0.668142463597009,0.6652105470287288,0.6734946871310508,0.6771153089334907,0.6152597402597402,0.6712711530893349,0.6818673750491933,0.6809622195985833,0.6655548996458087,0.6405548996458087,0.6686343959071231,0.6264364423455332,0.6621999212908303,0.6571133412042502,0.6657713498622589,0.6614423455332545,0.61831955922865,0.6341302636757182,0.6336186540731996,0.6570051160960251,0.6260527351436442,0.6554899645808735,0.6260527351436442,0.6260527351436442,0.6260527351436442,0.6260527351436442,0.6543585202676111,0.6637150728059819,0.6638724911452184,0.6658205430932703,0.6576544667453759,0.6644628099173554
RPPA_RFC,,,,,,,,,,,,,,0.6095238095238095,0.6371704053522236,0.6515545060999607,0.6415190869736325,0.5951003541912632,0.6502951593860684,0.6276957890594256,0.6334907516725699,0.6204939000393546,0.6301357733175916,0.6368260527351436,0.6267217630853994,0.6363931523022431,0.6469500196772924,0.6591302636757181,0.6565722156631246,0.6652302243211333,0.6574085005903187,0.6523022432113341,0.6595828414010232,0.6187524596615506,0.6321920503738686,0.6095238095238095,0.5792011019283747,0.5753049980322709,0.5655352223534041,0.6204447068083432,0.5715367965367966,0.5715367965367966,0.6358815426997244,0.6208480913026369,0.6393939393939394,0.5809031877213695,0.5714580873671782,0.632733175914994,0.5924045651318378,0.6276170798898071,0.6345631641086186,0.6373475009838646,0.6273219205037387,0.6252754820936639,0.5792502951593861,0.598081463990555,0.627754820936639,0.6350059031877213,0.5650826446280991,0.6274399842581662,0.635271546635183,0.6352125147579694,0.6295454545454546,0.6331267217630854,0.6387937819756001,0.6354486422668241,0.6456709956709957,0.6353305785123966,0.5884199134199134,0.6393447461629279,0.6507083825265643,0.6408992522628887,0.6354388036206217,0.6240554899645809,0.6549094844549389,0.5902203856749312,0.6332644628099173,0.6345533254624164,0.6367571822117276,0.6310901219992129,0.6197756788665879,0.5890003935458481,0.6156237701692248,0.6298012593467138,0.6303325462416371,0.6296831955922866,0.6303325462416371,0.6303325462416371,0.6303325462416371,0.6303325462416371,0.6198839039748131,0.6293683589138134,0.6222746950019677,0.6234553325462416,0.6314147973238883,0.6359602518693428
RPPA_SVM,,,,,,,,,,,,,,,0.616017316017316,0.6383707201889021,0.6395316804407714,0.608323494687131,0.6463990554899646,0.6367670208579299,0.6423848878394333,0.6291519086973631,0.6327528532073987,0.6341892955529318,0.6454545454545454,0.6567788272333728,0.6516528925619836,0.6702085792994883,0.6619637937819756,0.6734750098386463,0.6623868555686736,0.6713301849665486,0.6630066902794175,0.635478158205431,0.6333333333333334,0.616017316017316,0.5847304210940575,0.5807556080283354,0.5782861078315624,0.6286698150334514,0.578030303030303,0.5823593073593074,0.6413911845730027,0.609435261707989,0.6433884297520661,0.6047914207005116,0.5796438410074772,0.6382821723730815,0.60181031090122,0.6282861078315624,0.6504230617866982,0.6419716646989374,0.6362947658402204,0.6347796143250688,0.5843270365997638,0.6270661157024794,0.6381444313262495,0.6383707201889021,0.588754427390791,0.6384395907123179,0.6477075954348681,0.6395021645021645,0.6356454151908697,0.636629279811098,0.646763085399449,0.6378886265249901,0.6517316017316016,0.6399153876426603,0.5942050373868556,0.6490456513183785,0.6487800078709169,0.6446772924045651,0.65090515545061,0.6369047619047619,0.6753541912632821,0.5970680834317198,0.6516430539157811,0.6517316017316017,0.654112554112554,0.6301062573789846,0.6333530106257379,0.6015741833923652,0.6221763085399449,0.6522924045651319,0.6420602125147579,0.6409779614325068,0.6420602125147579,0.6420602125147579,0.6420602125147579,0.6420602125147579,0.6337563951200316,0.6418437622983076,0.6325462416371507,0.6347107438016529,0.6437918142463597,0.6418437622983078
RPPA_SVP,,,,,,,,,,,,,,,,0.6300865800865801,0.6472255017709563,0.6063557654466747,0.6562573789846516,0.6535615899252262,0.6648366784730422,0.644431326249508,0.6428571428571428,0.6452577725304998,0.6557851239669421,0.6629083038173947,0.6647579693034238,0.6702872884691067,0.670090515545061,0.6774498229043684,0.6683195592286502,0.6716646989374262,0.6679260133805588,0.6474813065722156,0.6530696576151122,0.6300865800865801,0.5933293978748525,0.5973829201101928,0.5917945690672963,0.6440968122786305,0.5959661550570642,0.6191263282172373,0.6469893742621016,0.6166666666666666,0.6608815426997245,0.6119834710743801,0.5977371113734751,0.6588744588744588,0.6487209759937032,0.611806375442739,0.6655450609996064,0.6579889807162534,0.65271546635183,0.6477371113734749,0.6252262888626524,0.6414797323888233,0.6403581267217631,0.654978354978355,0.6139708776072412,0.6546438410074774,0.6574970484061392,0.6643447461629279,0.6501967729240457,0.6497245179063362,0.6617473435655254,0.6546044864226682,0.6630657221566312,0.6469500196772924,0.604348681621409,0.6575364029909484,0.6619047619047619,0.6598780007870916,0.6702872884691067,0.6515348288075561,0.6700118063754428,0.6078905942542306,0.6701889020070839,0.6670405352223534,0.6629279811097992,0.6608815426997244,0.6528335301062573,0.5996851633215269,0.6446871310507674,0.6639118457300275,0.6556670602125146,0.6543683589138134,0.6556670602125146,0.6556670602125146,0.6556670602125146,0.6556670602125146,0.6473042109405747,0.6535025580480125,0.6396890987800078,0.6450413223140495,0.6563164108618654,0.6606454151908696
RPPA_Logistic,,,,,,,,,,,,,,,,,0.6294372294372294,0.6250491932310113,0.645021645021645,0.6392660369933096,0.646241637150728,0.6183293978748524,0.6267709563164108,0.6353896103896103,0.6466155057064148,0.6521743408107044,0.6512396694214877,0.6590909090909092,0.6585202676111768,0.6645808736717828,0.6580775285320739,0.6622786304604487,0.6589531680440771,0.6435655253837071,0.6435852026761119,0.6294372294372294,0.6004919323101141,0.5999803227075955,0.5863341204250295,0.646969696969697,0.5865112160566706,0.5901908697363243,0.6589630066902794,0.6395611963793781,0.6465367965367964,0.6166568280204644,0.5964285714285714,0.6505804801259346,0.612534435261708,0.643634395907123,0.6607733175914994,0.6538173947264856,0.6464285714285714,0.6457595434868162,0.5979634002361275,0.6089039748130657,0.6590810704447068,0.6508854781582054,0.6051062573789846,0.6496950019677292,0.6567985045257771,0.646763085399449,0.651879181424636,0.6540043290043289,0.6578020464384101,0.6523907910271547,0.662396694214876,0.6458776072412435,0.610064935064935,0.6666371507280597,0.6680047225501771,0.6520365997638725,0.671310507674144,0.6493211334120425,0.6726584022038568,0.6104683195592286,0.6592384887839433,0.6612750885478158,0.6632231404958677,0.6581070444706808,0.6410074773711137,0.6061393152302242,0.6399449035812672,0.6611865407319952,0.6512298307752852,0.6533943329397875,0.6512298307752852,0.6512298307752852,0.6512298307752852,0.6512298307752852,0.6489866194411649,0.6514462809917355,0.6388429752066115,0.6483667847304211,0.6551259346713891,0.661560409287682
RPPA_Ridge,,,,,,,,,,,,,,,,,,0.5744588744588744,0.6038961038961038,0.6002361275088548,0.6152695789059426,0.5928571428571429,0.5963400236127508,0.5942739079102715,0.6002558048012594,0.6408500590318772,0.6402007083825266,0.6233766233766234,0.6138921684376231,0.6221172766627312,0.6263872491145219,0.6517906336088154,0.6506493506493507,0.5913616686343959,0.5931523022432114,0.5744588744588744,0.5389807162534435,0.54004329004329,0.5276662731208186,0.5796930342384888,0.5356158992522628,0.553797717434081,0.5657615112160566,0.5627508854781581,0.5865407319952775,0.5573593073593074,0.5346910665092484,0.5764069264069264,0.5934671389216843,0.5555489964580873,0.6048996458087367,0.5813656040928767,0.5902007083825266,0.5962809917355372,0.5544077134986225,0.5924242424242424,0.6028138528138528,0.5870916961826053,0.5517512790240062,0.5884887839433294,0.5944510035419126,0.5988390397481307,0.5886265249901613,0.5782369146005509,0.5932703659976388,0.5904565131837859,0.6103305785123967,0.5997441951987407,0.5325265643447461,0.5861078315623771,0.592266824085006,0.6194805194805195,0.6341597796143251,0.5897874852420306,0.6176702085792994,0.5613734750098386,0.5997048406139316,0.6259346713892168,0.6367571822117275,0.5972648563557654,0.5965367965367966,0.5899252262888626,0.5877607241243605,0.6276269185360095,0.5982093663911845,0.5973435655253837,0.5982093663911845,0.5982093663911845,0.5982093663911845,0.5982093663911845,0.5965958284140103,0.6187131050767414,0.6023219205037387,0.6188114915387642,0.6040535222353404,0.6068673750491932
RPPA_EN,,,,,,,,,,,,,,,,,,,0.6331168831168832,0.6451987406532861,0.6552538370720188,0.6090515545060999,0.6466351829988193,0.6464187327823692,0.6515545060999607,0.6573593073593074,0.6581857536402991,0.6649350649350649,0.665840220385675,0.6710350255804801,0.6620818575364029,0.6662337662337663,0.6633018496654859,0.6467138921684376,0.6497835497835498,0.6331168831168832,0.5989964580873672,0.5982093663911845,0.5958087367178277,0.6440181031090122,0.5965171192443919,0.6019283746556473,0.6597402597402597,0.6495474222746951,0.6500787091696182,0.6220975993703266,0.6024596615505706,0.6522628886265249,0.6109208972845337,0.6537190082644628,0.6623179850452577,0.6567689885871704,0.6512199921290831,0.652125147579693,0.597874852420307,0.6164108618654074,0.6658205430932702,0.6603109012199921,0.6007083825265644,0.655293191656828,0.6579693034238489,0.6637937819756001,0.6474222746950019,0.6540338449429358,0.655293191656828,0.6487996851633215,0.6623376623376623,0.6660369933097205,0.6072215663124754,0.6647186147186147,0.6668240850059032,0.6672766627312081,0.6677685950413224,0.6445100354191263,0.6713498622589531,0.6173160173160174,0.6637741046831956,0.6539354584809131,0.6645415190869736,0.651534828807556,0.643841007477371,0.6008658008658008,0.6205430932703659,0.6583628492719401,0.6404565131837859,0.6417552144824872,0.6404565131837859,0.6404565131837859,0.6404565131837859,0.6404565131837859,0.6433490751672569,0.6486816214088942,0.6452577725304998,0.6503345139708776,0.6439197166469894,0.6499212908303817
RPPA_ET,,,,,,,,,,,,,,,,,,,,0.6235930735930736,0.6457890594254231,0.6079693034238487,0.6461629279811099,0.6354191263282172,0.63314639905549,0.6395611963793781,0.6479240456513183,0.6566410861865408,0.6553719008264463,0.664029909484455,0.6506788665879575,0.6491932310114128,0.6586776859504131,0.6326544667453758,0.6416273120818576,0.6235930735930736,0.5903778040141676,0.600767414403778,0.5779811097992915,0.6441558441558441,0.5889512003148367,0.5908992522628886,0.6416174734356552,0.6101141282959465,0.6531483667847304,0.6023219205037387,0.5878394332939788,0.6508067689885871,0.6006690279417553,0.6396989374262102,0.6522235340417157,0.6571231798504525,0.6426997245179062,0.6426800472255018,0.5959759937032665,0.6110783156237701,0.6579496261314443,0.6506985438803621,0.5958480913026367,0.6453955135773317,0.6290141676505313,0.6395710350255804,0.6492424242424242,0.6507575757575756,0.6355568673750491,0.6560015741833924,0.6456709956709957,0.6391381345926799,0.6003246753246754,0.6563360881542699,0.6449724517906337,0.6442837465564738,0.6443427784336875,0.6204250295159386,0.6511412829594648,0.6044765840220385,0.6372884691066508,0.6423947264856356,0.6417453758362848,0.6231306572215664,0.6156237701692246,0.6171290830381739,0.6249606454151909,0.6368752459661551,0.6391578118850847,0.6374262101534829,0.6391578118850847,0.6391578118850847,0.6391578118850847,0.6391578118850847,0.6362947658402204,0.6380755608028335,0.6245966155057063,0.6317394726485634,0.6395907123179849,0.6377410468319559
RPPA_KNN,,,,,,,,,,,,,,,,,,,,,0.603030303030303,0.6284533648170012,0.6193231011412831,0.6416371507280598,0.6423258559622196,0.6422077922077922,0.6409681227863044,0.6546044864226681,0.6561196379378198,0.6639118457300276,0.6590909090909091,0.6524990161353796,0.6529909484454939,0.6268004722550178,0.6248327430145613,0.603030303030303,0.5698347107438017,0.5731404958677686,0.5699330972058245,0.619815033451397,0.570090515545061,0.5783156237701691,0.6210153482880755,0.5868162140889412,0.6412042502951595,0.570680834317198,0.558776072412436,0.6312475403384494,0.622353404171586,0.6111176702085792,0.6368358913813459,0.6257969303423849,0.6239275875639512,0.6175718221172766,0.5912436048799685,0.5981109799291617,0.6183982683982684,0.6286698150334514,0.5761707988980715,0.6231601731601731,0.617060212514758,0.6283943329397875,0.6192050373868556,0.6221959858323495,0.6236521054702873,0.6219205037386856,0.6323101141282959,0.627508854781582,0.5780007870916962,0.6291814246359702,0.6389020070838253,0.6378394332939787,0.6376623376623376,0.6219598583234947,0.6525974025974026,0.5876229830775286,0.64004329004329,0.6290240062967335,0.6428571428571429,0.6181424635970091,0.6213301849665487,0.6082644628099174,0.6114325068870524,0.6329004329004329,0.6215663124754033,0.6282762691853601,0.6215663124754033,0.6215663124754033,0.6215663124754033,0.6215663124754033,0.617512790240063,0.6321723730814639,0.6189295552931917,0.6289059425423061,0.6237308146399055,0.6343368752459662
RPPA_XGB,,,,,,,,,,,,,,,,,,,,,,0.5783549783549784,0.593939393939394,0.6297127115308934,0.6240554899645809,0.6249016135379771,0.6400137741046833,0.650836284927194,0.6467532467532467,0.6549783549783549,0.6454643841007477,0.646241637150728,0.6409484454939001,0.5981995277449823,0.5929653679653679,0.5783549783549784,0.5474025974025973,0.5502164502164503,0.5348484848484849,0.5928571428571429,0.5384199134199134,0.5436147186147186,0.598051948051948,0.5649350649350648,0.5872294372294371,0.5515151515151515,0.5458874458874459,0.587012987012987,0.5835497835497836,0.5901515151515151,0.6080086580086579,0.6060606060606061,0.6036796536796536,0.596103896103896,0.5905844155844155,0.591991341991342,0.6077922077922079,0.5955627705627706,0.5541125541125542,0.598917748917749,0.6031385281385282,0.6080086580086579,0.6024891774891775,0.5966450216450216,0.6034632034632035,0.6025974025974026,0.609681227863046,0.6043290043290044,0.5514069264069263,0.5893939393939394,0.59491341991342,0.6261806375442739,0.6323002754820937,0.5943722943722943,0.6567296340023613,0.5825757575757576,0.6385478158205432,0.6273022432113342,0.6374754033844943,0.602056277056277,0.5922077922077922,0.5591991341991343,0.5946969696969697,0.6305391578118851,0.5952380952380952,0.5989177489177488,0.5952380952380952,0.5952380952380952,0.5952380952380952,0.5952380952380952,0.5899350649350649,0.622668240850059,0.5943722943722942,0.6127705627705626,0.598917748917749,0.6093073593073592
RPPA_Ada,,,,,,,,,,,,,,,,,,,,,,,0.5826839826839827,0.632349468713105,0.6388331365604092,0.6337367178276269,0.648120818575364,0.6559720582447855,0.6542306178669814,0.6650531286894923,0.6514856355765446,0.6495080676898859,0.654250295159386,0.5886363636363636,0.6016627312081857,0.5826839826839827,0.5543290043290042,0.5676111767020858,0.5440377804014168,0.5972648563557653,0.5480027548209366,0.5700806768988587,0.6008264462809917,0.5693034238488784,0.600944510035419,0.5498229043683589,0.537780401416765,0.5927390791027154,0.596969696969697,0.5765151515151515,0.6060606060606061,0.6122589531680441,0.5857339630066903,0.6086776859504133,0.6027056277056276,0.6027744982290437,0.6094844549390004,0.6036698150334514,0.5600550964187327,0.6120031483667847,0.6068181818181818,0.6062180243998425,0.599754033844943,0.588931523022432,0.605568673750492,0.6048012593467139,0.6127705627705627,0.6148957103502559,0.5644726485635576,0.5962809917355372,0.6075855962219598,0.6241932310114129,0.6336973632428178,0.6011216056670603,0.65362062180244,0.5879476584022039,0.6391184573002755,0.6237209759937034,0.6432014954742227,0.6098091302636758,0.5954742227469499,0.5672471467926014,0.5959563164108619,0.6321920503738686,0.6088154269972452,0.6090318772136953,0.6088154269972452,0.6088154269972452,0.6088154269972452,0.6088154269972452,0.6080381739472649,0.6269972451790633,0.6059818968909878,0.6273711137347501,0.6127115308933491,0.6233372687918142
RPPA_MLP1,,,,,,,,,,,,,,,,,,,,,,,,0.6158008658008658,0.6475501770956317,0.6505214482487209,0.648573396300669,0.6662632821723731,0.6608815426997244,0.6695395513577331,0.6622097599370326,0.6703069657615112,0.6608225108225108,0.6328512396694215,0.6330676898858718,0.6158008658008658,0.5872687918142463,0.5866194411648957,0.5781188508461236,0.6307752853207398,0.5791125541125541,0.5788961038961039,0.6419716646989374,0.6099370326643054,0.6381345926800472,0.5991538764266037,0.5708382526564344,0.6395907123179849,0.5937622983077528,0.6286402990948445,0.6491145218417946,0.6423848878394333,0.6367375049193231,0.6341007477371114,0.5903286107831562,0.6039551357733176,0.6356946084218811,0.6358028335301062,0.5890200708382526,0.636737504919323,0.6382428177882723,0.6325659189295554,0.6397579693034239,0.6319657615112161,0.6442148760330578,0.6411452184179457,0.6485242030696575,0.6349075167256986,0.5910566706021252,0.6467729240456512,0.649478551751279,0.643004722550177,0.6560114128295945,0.635163321526958,0.6679456906729634,0.5959366391184574,0.6476780794962611,0.6477863046044864,0.6508166076347894,0.6257083825265642,0.6330184966548603,0.588754427390791,0.6263577331759149,0.6483274301456119,0.6362455726092089,0.6384100747737111,0.6362455726092089,0.6362455726092089,0.6362455726092089,0.6362455726092089,0.6315722156631247,0.641223927587564,0.626918536009445,0.6372687918142463,0.6397087760724125,0.6433490751672569
RNA_SVC,,,,,,,,,,,,,,,,,,,,,,,,,0.6093073593073594,0.6299193231011413,0.6444903581267217,0.6498229043683589,0.6481503345139707,0.6563754427390791,0.64512987012987,0.6420503738685557,0.647245179063361,0.5960842188114915,0.5952971271153089,0.6093073593073594,0.5826643053915781,0.5821526957890594,0.5628197560015742,0.6228256591892956,0.5628394332939788,0.5656532861078316,0.6419618260527351,0.5962121212121213,0.6413419913419912,0.5905450609996065,0.5710448642266824,0.6287780401416765,0.5855371900826446,0.6303522235340417,0.629565131837859,0.6240259740259739,0.5988292011019283,0.6003246753246753,0.5681129476584023,0.5855667060212515,0.6311786698150333,0.6378394332939787,0.5706906729634003,0.6159878000787092,0.6411747343565526,0.6571330184966548,0.6355667060212514,0.629663518299882,0.6425324675324675,0.6370228256591892,0.6498819362455727,0.6363341204250295,0.5825757575757575,0.6372786304604487,0.6522432113341204,0.6489669421487603,0.6331759149940968,0.6190771349862259,0.6470188902007084,0.5987996851633215,0.634681227863046,0.6282565918929556,0.6338842975206612,0.6276662731208186,0.5948642266824085,0.5727863046044864,0.5909287682014955,0.6318673750491932,0.6239767807949625,0.6218122786304605,0.6239767807949625,0.6239767807949625,0.6239767807949625,0.6239767807949625,0.6074675324675325,0.6300373868555686,0.6194214876033057,0.6191263282172373,0.6237603305785123,0.6295060999606454
RNA_RFC,,,,,,,,,,,,,,,,,,,,,,,,,,0.6142857142857143,0.6420405352223535,0.6528827233372687,0.6490358126721762,0.6564147973238882,0.6505116096025187,0.6440968122786304,0.643978748524203,0.5915289256198347,0.6007969303423849,0.6142857142857143,0.5874262101534828,0.6005706414797324,0.5717532467532468,0.6248720975993703,0.5704447068083432,0.5797520661157025,0.6453463203463203,0.5991440377804015,0.6478158205430932,0.5993211334120424,0.5747048406139316,0.6272432113341203,0.5941951987406533,0.6400826446280993,0.6392660369933096,0.6317985045257772,0.6321231798504525,0.6249606454151909,0.5734946871310507,0.5896595828414009,0.6348386462022825,0.6367866981503345,0.5735635576544666,0.6314344746162928,0.6474025974025974,0.6567197953561589,0.6398268398268397,0.6357536402990949,0.6462514757969303,0.6414895710350256,0.6510035419126329,0.6361373475009838,0.587918142463597,0.6405844155844156,0.6565623770169224,0.6582251082251082,0.6449134199134199,0.6301160960251869,0.6546733569460843,0.5927095631641086,0.6425521448248721,0.637711530893349,0.6387937819756002,0.6337957497048406,0.6236717827626919,0.5966843762298308,0.6239571035025581,0.6416863439590713,0.634818968909878,0.631788665879575,0.634818968909878,0.634818968909878,0.634818968909878,0.634818968909878,0.6139708776072412,0.6402302243211333,0.638055883510429,0.6268201495474223,0.6335202676111766,0.6374163715072806
RNA_SVM,,,,,,,,,,,,,,,,,,,,,,,,,,,0.6201298701298701,0.6321920503738685,0.6284336875245966,0.6323297914207006,0.6387741046831956,0.6556670602125146,0.643841007477371,0.6025777253049981,0.6069067296340023,0.6201298701298701,0.59004329004329,0.5924832743014561,0.580116096025187,0.6354388036206218,0.5853896103896105,0.5884199134199134,0.6407221566312475,0.6103600944510035,0.6512396694214876,0.5972156631247539,0.5837367178276269,0.6406631247540338,0.6072018890200708,0.6338154269972451,0.6457005116096025,0.6378197560015741,0.6362357339630067,0.6288173947264856,0.6028236914600551,0.6111275088547817,0.6363341204250295,0.6475403384494294,0.5973337268791814,0.6337957497048406,0.6473927587563951,0.6566804407713499,0.6404663518299881,0.6400334513970878,0.6477469500196773,0.6410369933097205,0.654210940574577,0.653650137741047,0.5986914600550964,0.6454250295159387,0.6571035025580481,0.6578414010232192,0.6493309720582447,0.6379673356946085,0.6628000787091695,0.6037583628492719,0.6520365997638724,0.6480322707595434,0.6538764266036994,0.6448445493900039,0.6373475009838645,0.6012790240062966,0.6051751279024006,0.6492227469500197,0.636944116489571,0.6356454151908697,0.636944116489571,0.636944116489571,0.636944116489571,0.636944116489571,0.6219303423848879,0.6432211727666274,0.6429752066115701,0.6337859110586385,0.6382428177882724,0.6404663518299881
RNA_SVP,,,,,,,,,,,,,,,,,,,,,,,,,,,,0.6337662337662338,0.6379574970484061,0.6431523022432113,0.6432014954742227,0.656198347107438,0.6494687131050767,0.6138921684376231,0.6162731208185754,0.6337662337662338,0.6034632034632035,0.6085005903187721,0.5963498622589531,0.6463203463203463,0.5962121212121213,0.6044372294372294,0.6573888232979141,0.6244293585202676,0.6640102321920504,0.612741046831956,0.6099271940181031,0.6514856355765446,0.6223534041715859,0.6534533648170011,0.6571133412042502,0.6524793388429752,0.6487308146399056,0.6419618260527352,0.6155352223534042,0.6234651711924439,0.6637642660369932,0.662849271940181,0.6144332939787485,0.6472156631247541,0.6597894529712711,0.6703168044077135,0.6504230617866982,0.6532959464777647,0.6581955922865015,0.6520759543486816,0.6624950806768989,0.6636658795749705,0.6118949232585597,0.658254624163715,0.670365997638725,0.6676406926406926,0.6643250688705233,0.6507969303423848,0.6696280991735537,0.6153876426603699,0.662918142463597,0.6556670602125146,0.6647579693034238,0.6595631641086187,0.6512593467138922,0.6145415190869736,0.6203266430539158,0.6575068870523415,0.6486324281778828,0.6475501770956316,0.6486324281778828,0.6486324281778828,0.6486324281778828,0.6486324281778828,0.6466056670602125,0.654909484454939,0.6544470680834317,0.6528335301062574,0.6490653286107831,0.6521546635182999
RNA_Logistic,,,,,,,,,,,,,,,,,,,,,,,,,,,,,0.6294372294372294,0.6359307359307359,0.6428177882723338,0.6577725304998032,0.6514561196379378,0.6081070444706809,0.6164895710350256,0.6294372294372294,0.6012987012987012,0.6041715859897678,0.5907516725698543,0.6413419913419913,0.5977174340810704,0.5983864620228256,0.6511412829594647,0.6216056670602125,0.6579496261314443,0.6052144824872098,0.5927784336875246,0.6495277449822904,0.6167650531286895,0.6453955135773317,0.6552538370720188,0.6439000393545847,0.6442935852026761,0.6381542699724518,0.6108618654073199,0.619815033451397,0.6597205824478551,0.6568476977567886,0.5958480913026367,0.6420897284533649,0.6546241637150728,0.6642857142857143,0.648504525777253,0.6461432506887052,0.6534632034632035,0.6484258166076348,0.6599173553719008,0.6591302636757183,0.6078315623770169,0.6519677292404564,0.6632428177882723,0.6633412042502951,0.6602518693427784,0.6443329397874852,0.6679260133805588,0.6078118850846123,0.6612554112554112,0.6548602912239276,0.662219598583235,0.6526564344746163,0.6447658402203856,0.5997441951987407,0.6102125147579693,0.656060606060606,0.6465171192443919,0.6458677685950412,0.6465171192443919,0.6465171192443919,0.6465171192443919,0.6465171192443919,0.6444903581267217,0.6527941755214482,0.6531877213695395,0.6492129083038174,0.6475993703266429,0.6506887052341597
RNA_Ridge,,,,,,,,,,,,,,,,,,,,,,,,,,,,,,0.638961038961039,0.646733569460842,0.665564738292011,0.6601141282959465,0.6158992522628888,0.6238488783943329,0.638961038961039,0.6108225108225108,0.6128295946477764,0.6007083825265643,0.6504329004329004,0.6072412436048801,0.6079102715466351,0.6593663911845729,0.6289649744195198,0.6696379378197561,0.6151711924439198,0.6018693427784336,0.6586186540731995,0.6254230617866982,0.6540535222353404,0.6647776465958284,0.6538567493112948,0.654250295159386,0.6476780794962613,0.6221172766627312,0.6293388429752065,0.6688114915387644,0.6668044077134987,0.6148957103502557,0.6516135379771744,0.6637150728059819,0.675108225108225,0.658461235733963,0.6560999606454152,0.6642857142857144,0.6583825265643446,0.6716056670602125,0.6712514757969303,0.616922471467926,0.6623573396300669,0.6736324281778827,0.6745966155057064,0.6680440771349863,0.6525580480125935,0.6722943722943722,0.6181621408894136,0.6686147186147186,0.6626524990161353,0.6700118063754428,0.661314443132625,0.6529909484454939,0.6158402203856749,0.6197363242817788,0.6634199134199134,0.6521448248720976,0.6510625737898466,0.6521448248720976,0.6521448248720976,0.6521448248720976,0.6521448248720976,0.6514167650531287,0.6584218811491539,0.6596812278630461,0.654840613931523,0.6540928768201495,0.6558835104289649
RNA_EN,,,,,,,,,,,,,,,,,,,,,,,,,,,,,,,0.6337662337662338,0.6560999606454152,0.6540928768201495,0.6050078709169618,0.6192739079102715,0.6337662337662338,0.6038961038961039,0.6084415584415584,0.5953266430539157,0.6436442345533255,0.5915977961432507,0.5980913026367572,0.656129476584022,0.6210448642266824,0.6644234553325462,0.6115997638724912,0.5943821330184966,0.6534927194018103,0.6219795356158991,0.655745769382133,0.6549291617473435,0.6510625737898466,0.6458972845336481,0.6401318378591105,0.6148957103502558,0.6219893742621015,0.6685064935064935,0.6644923258559622,0.6027449822904368,0.6447756788665879,0.6570247933884298,0.6656139315230224,0.6531877213695395,0.6494883903974814,0.6581759149940968,0.6526859504132231,0.6633412042502951,0.6604388036206218,0.6134789452971272,0.6551849665486029,0.6676013380558834,0.6640299094844548,0.6614029909484456,0.6465663124754034,0.6699232585596222,0.6195887445887446,0.660832349468713,0.6514069264069264,0.6607142857142858,0.6531778827233372,0.644706808343172,0.6130362062180243,0.6163419913419913,0.6549881936245573,0.6452479338842975,0.6461137347500984,0.6452479338842975,0.6452479338842975,0.6452479338842975,0.6452479338842975,0.6430145611963793,0.6519578905942541,0.6508461235733962,0.6506887052341598,0.6480617866981502,0.6521743408107044
RNA_ET,,,,,,,,,,,,,,,,,,,,,,,,,,,,,,,,0.6285714285714284,0.656473829201102,0.6127902400629673,0.6067689885871704,0.6285714285714284,0.6104289649744196,0.6053128689492325,0.5899252262888627,0.6470484061393151,0.5890594254230618,0.5953364817001181,0.6586973632428178,0.6210940574576937,0.6677292404565132,0.6186343959071232,0.5926406926406926,0.6516922471467926,0.6113341204250295,0.659681227863046,0.6510035419126328,0.6527941755214484,0.642129083038174,0.624340810704447,0.5953758362849271,0.6099960645415191,0.6461038961038961,0.6547225501770957,0.5927194018103109,0.6423652105470288,0.657831562377017,0.665564738292011,0.6528728846910665,0.6526564344746163,0.659405745769382,0.656060606060606,0.6630657221566313,0.6592483274301456,0.6008067689885872,0.6571428571428571,0.6706414797323887,0.6710350255804801,0.6488783943329397,0.642581660763479,0.6534435261707989,0.6127902400629673,0.6488980716253444,0.6418339236521055,0.6509248327430146,0.6457497048406138,0.6387839433293978,0.6090515545060999,0.633215269578906,0.6443526170798899,0.6489177489177489,0.6452380952380953,0.6489177489177489,0.6489177489177489,0.6489177489177489,0.6489177489177489,0.6462613144431326,0.6551948051948052,0.6512790240062967,0.6493703266430539,0.6463203463203463,0.651082251082251
RNA_KNN,,,,,,,,,,,,,,,,,,,,,,,,,,,,,,,,,0.6244588744588745,0.6378394332939787,0.6387839433293978,0.6244588744588745,0.5939984258166077,0.636560409287682,0.5853600944510036,0.646064541519087,0.5908500590318772,0.6103305785123967,0.6415781188508461,0.6137741046831955,0.6543880362062181,0.6057457693821331,0.6040141676505313,0.6523809523809524,0.6050964187327825,0.6453955135773317,0.6544667453758363,0.6434868162140889,0.6448248720975994,0.6388823297914207,0.6065918929555293,0.613892168437623,0.6539551357733175,0.6529515938606848,0.6030303030303029,0.6441755214482486,0.6489964580873672,0.656198347107438,0.6477174340810704,0.6439984258166076,0.6550177095631641,0.6496064541519087,0.6609405745769382,0.658776072412436,0.6493900039354585,0.6550177095631641,0.657733175914994,0.6624163715072806,0.6454939000393546,0.6424832743014561,0.659818968909878,0.6094254230617866,0.6548406139315229,0.6517906336088155,0.657693821330185,0.6480716253443526,0.6385674931129476,0.6051160960251869,0.6330184966548602,0.654702872884691,0.638685556867375,0.6352223534041715,0.638685556867375,0.638685556867375,0.638685556867375,0.638685556867375,0.6373278236914601,0.6443132624950806,0.6411058638331365,0.6385281385281385,0.6399842581660764,0.6430145611963793
RNA_XGB,,,,,,,,,,,,,,,,,,,,,,,,,,,,,,,,,,0.5742424242424242,0.5872884691066509,0.5742424242424242,0.5505312868949233,0.5851633215269578,0.5387150728059819,0.5932310114128295,0.5400137741046832,0.543909878000787,0.5521349862258953,0.5557556080283353,0.5897087760724123,0.5492424242424242,0.5302735143644235,0.5853896103896103,0.581129476584022,0.5891282959464778,0.6098288075560803,0.5872687918142463,0.5957398661944115,0.5829889807162534,0.5864325068870523,0.5877312081857536,0.6064639905548997,0.5920110192837467,0.5356257378984651,0.5895611963793781,0.5868063754427391,0.6033943329397875,0.5886953955135773,0.5850354191263283,0.5973337268791814,0.5927292404565131,0.6049980322707595,0.5939492325855963,0.528030303030303,0.5886953955135774,0.598366784730421,0.6226584022038567,0.6235930735930736,0.5883608815426997,0.6214384100747736,0.5619047619047619,0.6010920897284533,0.6199724517906336,0.6020070838252656,0.5948642266824085,0.5856355765446674,0.5816017316017316,0.5864423455332546,0.6190574576938213,0.589659582841401,0.5924734356552538,0.589659582841401,0.589659582841401,0.589659582841401,0.589659582841401,0.5846025186934277,0.6053423848878394,0.591401023219205,0.6019283746556474,0.5955037386855568,0.611245572609209
RNA_Ada,,,,,,,,,,,,,,,,,,,,,,,,,,,,,,,,,,,0.5692640692640693,0.5692640692640693,0.5385084612357339,0.5816214088941362,0.5311196379378197,0.5937426210153482,0.5527056277056277,0.5540043290043289,0.5558933490751673,0.5530794962613144,0.5813065722156632,0.5417650531286895,0.535271546635183,0.5820247933884298,0.589905548996458,0.5764561196379379,0.5991833923652106,0.581719795356159,0.5827922077922079,0.5794077134986226,0.5843073593073592,0.5838351042896498,0.617443919716647,0.5897481306572215,0.5429063360881543,0.5850354191263282,0.5937524596615505,0.6003246753246754,0.5857634789452971,0.5838351042896497,0.5888528138528139,0.5827528532073988,0.5929358520267611,0.593004722550177,0.5247835497835498,0.5816312475403385,0.5866784730421093,0.6229929161747343,0.6269775678866588,0.592788272333727,0.6414895710350256,0.5767414403778041,0.6278532073986619,0.6202872884691066,0.6291617473435656,0.6111570247933884,0.5813065722156632,0.5779024006296734,0.5846320346320346,0.6204939000393546,0.5904073199527746,0.586944116489571,0.5904073199527746,0.5904073199527746,0.5904073199527746,0.5904073199527746,0.5884199134199134,0.6137839433293978,0.5899645808736718,0.6140102321920503,0.5921389216843762,0.6065033451397088
RNA_MLP1,,,,,,,,,,,,,,,,,,,,,,,,,,,,,,,,,,,,0.5,0.445021645021645,0.5216450216450216,0.4251082251082251,0.5463203463203463,0.4720779220779221,0.5225108225108224,0.47316017316017317,0.47229437229437227,0.5647186147186147,0.4536796536796537,0.46406926406926396,0.5688311688311688,0.5625541125541125,0.4582251082251082,0.5835497835497836,0.5599567099567099,0.564935064935065,0.5463203463203462,0.5415584415584415,0.5448051948051947,0.585930735930736,0.5703463203463204,0.44935064935064933,0.5506493506493507,0.5692640692640693,0.5831168831168831,0.5521645021645022,0.5493506493506495,0.5748917748917749,0.5612554112554112,0.5846320346320345,0.588095238095238,0.44978354978354973,0.5692640692640694,0.575108225108225,0.5932900432900432,0.6056277056277056,0.5692640692640693,0.629004329004329,0.5214285714285714,0.6106060606060606,0.5974025974025975,0.6108225108225109,0.5824675324675325,0.5653679653679654,0.537012987012987,0.5329004329004329,0.6017316017316017,0.5755411255411256,0.570995670995671,0.5755411255411256,0.5755411255411256,0.5755411255411256,0.5755411255411256,0.5707792207792207,0.5889610389610389,0.5807359307359308,0.5887445887445887,0.5757575757575757,0.5848484848484848
MIRNA_SVC,,,,,,,,,,,,,,,,,,,,,,,,,,,,,,,,,,,,,0.445021645021645,0.47131050767414395,0.41747343565525374,0.5170011806375443,0.44445100354191264,0.4537583628492719,0.478551751279024,0.4491145218417946,0.551219992129083,0.4083628492719402,0.3916174734356553,0.5858323494687131,0.5429161747343565,0.4341007477371114,0.5564147973238882,0.5333333333333333,0.5366194411648957,0.5170995670995671,0.49535615899252267,0.5128886265249901,0.5476387249114522,0.5429161747343565,0.4073199527744983,0.5235930735930736,0.5379574970484062,0.5584415584415584,0.5242424242424242,0.5115702479338842,0.5482683982683982,0.5341991341991342,0.5558441558441558,0.5653679653679654,0.4210350255804801,0.5422077922077921,0.5523809523809524,0.5675324675324676,0.580676898858717,0.5422865013774104,0.6073199527744982,0.46170798898071636,0.5839433293978749,0.5713695395513578,0.586521054702873,0.5512987012987012,0.544116489571035,0.48138528138528136,0.48772136953955136,0.5755017709563164,0.542896497441952,0.5394332939787485,0.542896497441952,0.542896497441952,0.542896497441952,0.542896497441952,0.5422668240850059,0.5541519086973632,0.5501967729240456,0.5585596221959858,0.5422471467926013,0.5513774104683196
MIRNA_RFC,,,,,,,,,,,,,,,,,,,,,,,,,,,,,,,,,,,,,,0.47186147186147187,0.4405155450609996,0.5239866194411649,0.4475796930342385,0.4854584809130264,0.490909090909091,0.482034632034632,0.5362062180243998,0.4585399449035813,0.41210153482880757,0.5458284140102322,0.5439984258166076,0.45057064147973236,0.5675324675324674,0.5446084218811491,0.5521645021645022,0.5262298307752853,0.5115112160566706,0.5254427390791027,0.5700314836678473,0.5570838252656435,0.4279614325068871,0.5365800865800866,0.5566509248327429,0.5682211727666273,0.5451397087760724,0.5290043290043289,0.5661157024793388,0.5319559228650138,0.5727272727272728,0.5750295159386068,0.4371704053522235,0.5784927194018104,0.5857142857142856,0.5828414010232192,0.5949626131444313,0.5569264069264068,0.6168044077134986,0.48848878394332934,0.5955922865013774,0.5841007477371114,0.5986029122392758,0.5673553719008264,0.5527941755214483,0.5083038173947265,0.5052341597796144,0.5862849271940181,0.5448051948051947,0.5482683982683982,0.5448051948051947,0.5448051948051947,0.5448051948051947,0.5448051948051947,0.527056277056277,0.5601731601731601,0.5302833530106257,0.5446871310507674,0.5495670995670996,0.5463990554899645
MIRNA_SVM,,,,,,,,,,,,,,,,,,,,,,,,,,,,,,,,,,,,,,,0.4251082251082251,0.5331365604092877,0.436491538764266,0.43952184179456905,0.46450216450216447,0.41969696969696973,0.5349862258953169,0.3881936245572609,0.39258166076347895,0.59185360094451,0.5276072412436049,0.4167748917748918,0.5402203856749311,0.523573396300669,0.5242621015348288,0.49742227469500194,0.48039157811885086,0.5080676898858717,0.5469303423848878,0.5401711924439196,0.39935064935064934,0.5125541125541127,0.5313164108618653,0.5446871310507675,0.5140594254230618,0.49723534041715867,0.5343762298307753,0.522668240850059,0.5457300275482094,0.5499016135379772,0.4064836678473043,0.5345139708776072,0.5430243998425817,0.5554801259346714,0.5701593860684769,0.5335104289649744,0.5950413223140496,0.43983667847304214,0.5729634002361275,0.5613046044864227,0.5751574183392365,0.5400728059818969,0.5350255804801259,0.47139905548996464,0.4851141282959466,0.5649547422274696,0.5302833530106257,0.5309327036599764,0.5302833530106257,0.5302833530106257,0.5302833530106257,0.5302833530106257,0.5181523022432113,0.5439197166469893,0.5393742621015348,0.538961038961039,0.533530106257379,0.5441164895710351
MIRNA_SVP,,,,,,,,,,,,,,,,,,,,,,,,,,,,,,,,,,,,,,,,0.5463203463203463,0.507733175914994,0.5159582841401023,0.5409484454939,0.5385674931129476,0.5730027548209367,0.5164108618654073,0.5116686343959072,0.551042896497442,0.5730421094057458,0.5375639512003149,0.6014757969303425,0.5814049586776859,0.5806965761511217,0.5551948051948051,0.5475206611570247,0.5562573789846517,0.6023809523809524,0.5945887445887446,0.5212121212121212,0.5699134199134199,0.5896103896103895,0.6090121999212907,0.5616883116883117,0.571310507674144,0.5955332546241637,0.5698347107438017,0.6064935064935064,0.60995670995671,0.49921290830381737,0.5895316804407713,0.6038961038961038,0.6149350649350648,0.6250491932310114,0.5914797323888232,0.6473632428177882,0.5409878000787092,0.6326446280991735,0.6205037386855569,0.631759149940968,0.6071625344352617,0.5744195198740654,0.5565525383707202,0.5569657615112161,0.6233372687918143,0.5868949232585596,0.5985832349468712,0.5868949232585596,0.5868949232585596,0.5868949232585596,0.5868949232585596,0.5858126721763085,0.6124360487996852,0.5858520267611176,0.6120425029515938,0.6016135379771743,0.6103109012199921
MIRNA_Logistic,,,,,,,,,,,,,,,,,,,,,,,,,,,,,,,,,,,,,,,,,0.4720779220779221,0.5151318378591105,0.4776367571822117,0.492375049193231,0.5328610783156238,0.42230421094057463,0.41842778433687516,0.5865505706414798,0.529909484454939,0.44942935852026766,0.5405647382920111,0.5107044470680835,0.5253738685556867,0.4977075954348681,0.4828217237308146,0.5022530499803227,0.5424340810704447,0.5346418732782369,0.39749114521841794,0.5055194805194805,0.5330972058244786,0.5499114521841795,0.5,0.479909484454939,0.5404663518299883,0.5287190082644628,0.5522432113341205,0.5542994883903976,0.4328217237308146,0.5372589531680441,0.5681916568280204,0.5618063754427391,0.5770661157024792,0.538124754033845,0.6008756395120032,0.461599763872491,0.5762003148366786,0.5653384494293585,0.5802735143644234,0.5433589138134594,0.5381542699724517,0.49507083825265646,0.48050964187327827,0.5692739079102715,0.5402695789059425,0.5396202282565918,0.5402695789059425,0.5402695789059425,0.5402695789059425,0.5402695789059425,0.5285911058638331,0.5532565918929555,0.5457103502558047,0.5480913026367572,0.5426505312868949,0.5519775678866587
MIRNA_Ridge,,,,,,,,,,,,,,,,,,,,,,,,,,,,,,,,,,,,,,,,,,0.48008658008658,0.48088351042896493,0.4852518693427784,0.5384691066509248,0.4447756788665879,0.4585891381345927,0.5895021645021645,0.5372687918142464,0.44879968516332147,0.5425521448248721,0.546831955922865,0.5448937426210154,0.519391971664699,0.4889020070838252,0.5288764266036993,0.5720877607241244,0.5411353797717434,0.4148465171192444,0.5353896103896103,0.5378591105863832,0.5680932703659975,0.5093073593073593,0.5040535222353404,0.5454447068083432,0.5336973632428178,0.5574380165289257,0.5601436442345533,0.4637937819756002,0.5543585202676112,0.5640791027154665,0.563754427390791,0.5781483667847305,0.558254624163715,0.6017414403778039,0.4893250688705234,0.5803128689492325,0.5711826052735144,0.5843860684769775,0.5487701692247147,0.554388036206218,0.5180145611963793,0.5125442739079102,0.5725206611570248,0.5599665486029123,0.5593171979535615,0.5599665486029123,0.5599665486029123,0.5599665486029123,0.5599665486029123,0.5498032270759543,0.5729535615899252,0.5673553719008264,0.5506887052341598,0.5623475009838647,0.5716745375836284
MIRNA_EN,,,,,,,,,,,,,,,,,,,,,,,,,,,,,,,,,,,,,,,,,,,0.47316017316017317,0.48343171979535604,0.583077528532074,0.4895513577331759,0.47674144037780397,0.5635773317591499,0.5480322707595435,0.48137544273907906,0.6048996458087367,0.5482880755608028,0.5556473829201102,0.5469500196772923,0.5431424635970091,0.535655253837072,0.6064147973238881,0.557487209759937,0.44567099567099566,0.5428571428571428,0.5837170405352224,0.5972058244785518,0.5541814246359701,0.5568968909878002,0.5923652105470287,0.579142070051161,0.6017316017316017,0.6090515545060999,0.4530401416765053,0.58280204643841,0.5898760330578513,0.609336875245966,0.6241145218417945,0.5565328610783156,0.6487996851633215,0.5091007477371113,0.6280204643841008,0.5823593073593074,0.5959956709956711,0.6020956316410861,0.5502558048012594,0.5221074380165288,0.5027056277056277,0.6174144037780401,0.6006296733569461,0.5651318378591105,0.6006296733569461,0.6006296733569461,0.6006296733569461,0.6006296733569461,0.6012101534828806,0.6159976387249115,0.6002754820936638,0.6183785911058638,0.5688114915387642,0.5768791814246359
MIRNA_ET,,,,,,,,,,,,,,,,,,,,,,,,,,,,,,,,,,,,,,,,,,,,0.47229437229437227,0.5759149940968122,0.4442345533254624,0.4225501770956317,0.5855962219598583,0.5559031877213696,0.4530007870916962,0.568870523415978,0.5499803227075953,0.5507083825265643,0.5350846123573396,0.5231109799291618,0.5330578512396695,0.5831562377016922,0.5582546241637151,0.43614718614718606,0.5383116883116883,0.5732487209759937,0.5905548996458088,0.5455234159779614,0.5494195198740653,0.5818968909878001,0.5697560015741834,0.5964187327823691,0.6013970877607241,0.45481109799291614,0.5577528532073986,0.5857831562377017,0.6037682014954742,0.6006788665879574,0.5578315623770169,0.619815033451397,0.48723927587563953,0.5962219598583235,0.5836383313656041,0.5968417945690673,0.5713400236127508,0.5506690279417553,0.5081955922865014,0.5151613537977175,0.5858323494687131,0.5738292011019283,0.5671192443919717,0.5738292011019283,0.5738292011019283,0.5738292011019283,0.5738292011019283,0.5612849271940181,0.5898465171192443,0.5731798504525777,0.5843565525383706,0.5716646989374261,0.5813459268004723
MIRNA_KNN,,,,,,,,,,,,,,,,,,,,,,,,,,,,,,,,,,,,,,,,,,,,,0.5647186147186147,0.5452971271153089,0.532939787485242,0.5855765446674537,0.5729634002361275,0.5466548602912239,0.5974025974025974,0.5846517119244392,0.573120818575364,0.5891578118850845,0.5559425423061786,0.5675324675324676,0.6019086973632428,0.5869146005509642,0.5396103896103895,0.5813656040928767,0.5808539944903581,0.6000393545848091,0.5841401023219205,0.5724517906336087,0.5967138921684376,0.58008658008658,0.6067689885871703,0.6220188902007082,0.5429358520267611,0.5824675324675325,0.58823297914207,0.6060015741833924,0.6383903974813067,0.5844155844155844,0.6656040928768201,0.5715072805981897,0.6474222746950019,0.6354584809130264,0.64909484454939,0.6045651318378591,0.5857142857142856,0.5838449429358521,0.580362062180244,0.6396300669027942,0.5926800472255018,0.5915977961432507,0.5926800472255018,0.5926800472255018,0.5926800472255018,0.5926800472255018,0.5923652105470287,0.6203856749311295,0.5867965367965369,0.6079299488390397,0.5944116489571035,0.6038961038961038
MIRNA_XGB,,,,,,,,,,,,,,,,,,,,,,,,,,,,,,,,,,,,,,,,,,,,,,0.4536796536796537,0.4207595434868162,0.547461629279811,0.5317001180637544,0.4320838252656435,0.5551948051948052,0.5335497835497834,0.535694608421881,0.5188508461235734,0.4810802833530106,0.520405352223534,0.6019874065328612,0.5434769775678866,0.4147973238882329,0.524025974025974,0.5509740259740259,0.5652105470287287,0.5344057457693822,0.4894431326249508,0.5564738292011019,0.5417748917748918,0.5575167256985439,0.5611570247933886,0.41089138134592684,0.5493112947658402,0.5554604486422668,0.572697756788666,0.616086186540732,0.551397087760724,0.6203463203463204,0.4860979929161747,0.6082251082251082,0.5910960251869343,0.5969401810310901,0.5688410074773711,0.5471861471861472,0.5003049980322707,0.5011707988980717,0.5976190476190476,0.541401023219205,0.541401023219205,0.541401023219205,0.541401023219205,0.541401023219205,0.541401023219205,0.5439689098780007,0.5526564344746163,0.5439393939393937,0.562987012987013,0.5446477764659583,0.5545848091302636
MIRNA_Ada,,,,,,,,,,,,,,,,,,,,,,,,,,,,,,,,,,,,,,,,,,,,,,,0.4316017316017316,0.530637544273908,0.5281582054309327,0.42151711924439195,0.5422865013774105,0.5177292404565131,0.5266430539157811,0.491401023219205,0.4673455332546242,0.4905942542306178,0.5648957103502559,0.5253541912632823,0.40021645021645025,0.5277056277056277,0.5284435261707989,0.5395316804407714,0.5138232979142069,0.47984061393152305,0.5392365210547029,0.5196379378197559,0.5474616292798111,0.5545060999606454,0.4257083825265644,0.5401416765053129,0.5413911845730028,0.5539846517119245,0.5902695789059426,0.5532073986619441,0.5928374655647383,0.48035222353404167,0.573573396300669,0.5614226682408502,0.5761412829594648,0.5480814639905549,0.5424242424242424,0.5068968909878,0.5092384887839433,0.5657811885084613,0.5554702872884689,0.5552538370720189,0.5554702872884689,0.5554702872884689,0.5554702872884689,0.5554702872884689,0.521517119244392,0.570405352223534,0.5673160173160173,0.5654663518299882,0.5585005903187721,0.5695198740653286
MIRNA_MLP1,,,,,,,,,,,,,,,,,,,,,,,,,,,,,,,,,,,,,,,,,,,,,,,,0.5688311688311688,0.5801652892561984,0.568034238488784,0.6069264069264069,0.5748720975993702,0.5772530499803227,0.5710153482880755,0.5663026367571822,0.5731995277449824,0.6186737504919322,0.5942443919716647,0.5456316410861864,0.5928177882723338,0.5749409681227864,0.6023612750885479,0.5848583234946871,0.5852125147579693,0.5838252656434475,0.5686147186147186,0.5883116883116883,0.6015545060999606,0.5432211727666273,0.5911648957103501,0.589344746162928,0.6090613931523021,0.6351534828807556,0.5890003935458481,0.6563557654466745,0.557624950806769,0.64185360094451,0.6307654466745375,0.6415879574970484,0.5998917748917749,0.5789452971271153,0.5759445100354192,0.583598976780795,0.6329791420700511,0.5801652892561984,0.5823297914207005,0.5801652892561984,0.5801652892561984,0.5801652892561984,0.5801652892561984,0.5756099960645416,0.6013774104683196,0.5808539944903581,0.5877607241243605,0.5818968909878002,0.6046438410074775
META_SVC,,,,,,,,,,,,,,,,,,,,,,,,,,,,,,,,,,,,,,,,,,,,,,,,,0.5625541125541125,0.5841597796143251,0.5523809523809524,0.5647382920110192,0.5702676111767021,0.5515938606847698,0.5231011412829595,0.5658205430932703,0.5960251869342779,0.5872294372294372,0.5318772136953955,0.5510232192050374,0.5868949232585596,0.5987406532861079,0.5808343171979535,0.5811885084612357,0.589275875639512,0.5781975600157419,0.5918732782369146,0.595021645021645,0.5514364423455332,0.5839630066902795,0.5914207005116096,0.619677292404565,0.5825068870523415,0.5881936245572609,0.6093860684769775,0.5438410074773711,0.5890397481306572,0.5780401416765052,0.5879968516332152,0.5526564344746162,0.5759937032664305,0.5822510822510822,0.5798504525777253,0.5825462416371507,0.5425029515938606,0.5834120425029515,0.5425029515938606,0.5425029515938606,0.5425029515938606,0.5425029515938606,0.538055883510429,0.5515938606847698,0.5422865013774104,0.5575167256985438,0.5909878000787091,0.5605470287288469
META_RFC,,,,,,,,,,,,,,,,,,,,,,,,,,,,,,,,,,,,,,,,,,,,,,,,,,0.4582251082251082,0.5961727666273121,0.5709956709956711,0.5797225501770955,0.5518004722550177,0.5279811097992916,0.5576643053915781,0.5970779220779221,0.5865308933490752,0.4400334513970877,0.5585497835497836,0.5616489571035026,0.5942050373868556,0.5582251082251083,0.5512593467138921,0.5851141282959464,0.5673258559622195,0.5958677685950414,0.598081463990555,0.436698150334514,0.5742129083038174,0.5723042109405746,0.6064541519086973,0.628305785123967,0.5796635182998819,0.6551259346713892,0.4887741046831956,0.6304506099960644,0.6145513577331758,0.6338154269972451,0.6017611176702086,0.5702085792994884,0.5185458480913026,0.5027056277056277,0.6196280991735538,0.5864128295946476,0.5838154269972452,0.5864128295946476,0.5864128295946476,0.5864128295946476,0.5864128295946476,0.5863242817788271,0.6041617473435654,0.5930735930735931,0.6074970484061393,0.5864128295946478,0.5975698543880361
META_SVM,,,,,,,,,,,,,,,,,,,,,,,,,,,,,,,,,,,,,,,,,,,,,,,,,,,0.5835497835497836,0.6015151515151516,0.5645415190869736,0.5941558441558442,0.5496950019677291,0.5717434081070445,0.602853207398662,0.5994391971664699,0.5512593467138922,0.5794765840220386,0.6028236914600551,0.6197953561589925,0.6067197953561589,0.6033943329397875,0.6117473435655253,0.6100550964187328,0.6143250688705233,0.6117866981503346,0.567443919716647,0.6095828414010231,0.6094942935852027,0.620749704840614,0.6395611963793782,0.6087563951200314,0.6535812672176309,0.5871015348288076,0.6416765053128689,0.6330480125934672,0.6423553719008265,0.6048110979929161,0.6012199921290831,0.6008362849271941,0.601741440377804,0.634750098386462,0.6020857929948839,0.6033844942935852,0.6020857929948839,0.6020857929948839,0.6020857929948839,0.6020857929948839,0.5972353404171585,0.6172569854388036,0.6014364423455332,0.6085792994883904,0.604250295159386,0.6139905548996458
META_SVP,,,,,,,,,,,,,,,,,,,,,,,,,,,,,,,,,,,,,,,,,,,,,,,,,,,,0.5599567099567099,0.5797127115308933,0.5692837465564737,0.5356355765446674,0.5627902400629673,0.5995670995670995,0.5784140102321921,0.5249311294765839,0.5699330972058245,0.5808933490751672,0.6117473435655253,0.5830381739472649,0.5700708382526565,0.6033057851239668,0.5862062180243999,0.6121605667060213,0.6165092483274301,0.5390594254230618,0.584022038567493,0.5916765053128689,0.6232192050373868,0.6292798110979929,0.5831759149940968,0.6489767807949626,0.5548996458087367,0.6362062180243998,0.6225698543880362,0.6355568673750491,0.6085792994883905,0.5808933490751673,0.5670798898071625,0.5724517906336088,0.6281975600157419,0.5918339236521053,0.6002754820936639,0.5918339236521053,0.5918339236521053,0.5918339236521053,0.5918339236521053,0.5778630460448643,0.6152105470287287,0.5936835891381346,0.6128099173553719,0.6056867375049192,0.614207005116096
META_Logistic,,,,,,,,,,,,,,,,,,,,,,,,,,,,,,,,,,,,,,,,,,,,,,,,,,,,,0.564935064935065,0.5543683589138133,0.5244883903974813,0.5663518299881936,0.5899842581660764,0.5809818968909878,0.5373868555686738,0.5449429358520268,0.5822609208972845,0.6163124754033845,0.5770661157024793,0.5762396694214875,0.5897284533648169,0.5765249901613538,0.5998229043683588,0.5927981109799291,0.5234651711924438,0.58461235733963,0.5888134592680047,0.6148858717040535,0.6276564344746163,0.5863046044864226,0.6252262888626525,0.5456021251475797,0.6304210940574577,0.6217926013380559,0.6306670602125148,0.5885970090515545,0.5787091696182605,0.5816312475403385,0.5831857536402991,0.6237111373475009,0.5886068476977566,0.588823297914207,0.5886068476977566,0.5886068476977566,0.5886068476977566,0.5886068476977566,0.584858323494687,0.6177292404565131,0.5826052735143644,0.6124754033844942,0.5905548996458088,0.6039748130657221
META_Ridge,,,,,,,,,,,,,,,,,,,,,,,,,,,,,,,,,,,,,,,,,,,,,,,,,,,,,,0.5463203463203462,0.492237308146399,0.5486029122392758,0.576151121605667,0.5543585202676111,0.5166076347894529,0.5383510428964973,0.5896399055489965,0.6050570641479732,0.5640791027154664,0.5634691066509249,0.5890397481306572,0.5736521054702873,0.5985242030696576,0.6039944903581267,0.5022530499803227,0.5778630460448643,0.5788961038961038,0.6075265643447462,0.6185655253837072,0.5750885478158205,0.6259149940968123,0.5325757575757575,0.6218024399842581,0.6120916961826053,0.6229142070051161,0.5975501770956316,0.5824281778827233,0.5455234159779614,0.5487701692247147,0.6148760330578512,0.596831955922865,0.5931523022432114,0.596831955922865,0.596831955922865,0.596831955922865,0.596831955922865,0.5877902400629674,0.6096025186934277,0.5792011019283747,0.6034238488783943,0.5961826052735144,0.6034238488783943
META_EN,,,,,,,,,,,,,,,,,,,,,,,,,,,,,,,,,,,,,,,,,,,,,,,,,,,,,,,0.5415584415584415,0.5232880755608027,0.5596517119244391,0.5520169224714679,0.49268988587170404,0.483008658008658,0.5886068476977567,0.5708284140102322,0.5583825265643447,0.5540338449429358,0.5662042502951593,0.536629279811098,0.5760920897284534,0.5701593860684769,0.48512396694214877,0.5739767807949626,0.5987111373475009,0.5825462416371507,0.6009149940968124,0.5584120425029516,0.5990850059031877,0.5429653679653679,0.5905253837072019,0.5879673356946084,0.6003049980322708,0.564590712317985,0.5291027154663518,0.5483372687918143,0.5371802439984259,0.5918240850059032,0.5380460448642266,0.5475698543880362,0.5380460448642266,0.5380460448642266,0.5380460448642266,0.5380460448642266,0.5355371900826447,0.5607733175914994,0.5462613144431326,0.5554899645808735,0.5536304604486422,0.5610881542699724
META_ET,,,,,,,,,,,,,,,,,,,,,,,,,,,,,,,,,,,,,,,,,,,,,,,,,,,,,,,,0.5448051948051947,0.5926013380558834,0.5813557654466746,0.4789846517119244,0.5551948051948052,0.5850157418339237,0.5972058244785518,0.5680342384887839,0.5634297520661157,0.5935852026761117,0.5740850059031877,0.603069657615112,0.6075364029909485,0.4860979929161747,0.5804014167650531,0.5952872884691065,0.5832841401023219,0.5981208185753639,0.5789846517119245,0.6330578512396694,0.546763085399449,0.596694214876033,0.5925127902400631,0.5996950019677293,0.5688410074773711,0.5781582054309327,0.5624458874458874,0.5476288862652499,0.5970287288469105,0.5607438016528925,0.5546831955922864,0.5607438016528925,0.5607438016528925,0.5607438016528925,0.5607438016528925,0.5544765840220386,0.5707005116096024,0.545198740653286,0.567965367965368,0.5570641479732388,0.5641282959464777
META_KNN,,,,,,,,,,,,,,,,,,,,,,,,,,,,,,,,,,,,,,,,,,,,,,,,,,,,,,,,,0.585930735930736,0.6181326249508067,0.5641086186540732,0.6062180243998425,0.6004624163715072,0.6085202676111766,0.6080184966548602,0.6082152695789059,0.6113341204250295,0.6056867375049192,0.6110783156237701,0.6184966548602913,0.5615800865800866,0.6217827626918535,0.6148858717040535,0.6166174734356553,0.6217532467532468,0.6172569854388037,0.6613341204250295,0.58857733175915,0.6267020857929948,0.6223829201101928,0.6301751279024006,0.6056572215663125,0.5984454939000393,0.6022136953955135,0.6016824085005903,0.6217237308146398,0.6085202676111766,0.6087367178276268,0.6085202676111766,0.6085202676111766,0.6085202676111766,0.6085202676111766,0.6055391578118849,0.6191263282172372,0.5973829201101928,0.6144628099173554,0.6093860684769775,0.6203069657615112
META_XGB,,,,,,,,,,,,,,,,,,,,,,,,,,,,,,,,,,,,,,,,,,,,,,,,,,,,,,,,,,0.5703463203463204,0.5444608421881149,0.5841302636757183,0.5882034632034632,0.6006395120031482,0.5849567099567098,0.5861373475009839,0.5960940574576938,0.5838941361668635,0.598012593467139,0.6077823691460054,0.5267906336088155,0.5900137741046833,0.602990948445494,0.6099468713105077,0.6312278630460448,0.594500196772924,0.657133018496655,0.5786501377410469,0.6404663518299882,0.630047225501771,0.6402203856749311,0.6051751279024006,0.5920700511609602,0.5880558835104288,0.5855175127902401,0.6311589925226289,0.5969598583234946,0.5980421094057456,0.5969598583234946,0.5969598583234946,0.5969598583234946,0.5969598583234946,0.5950118063754427,0.6121113734750099,0.5915781188508461,0.6039551357733175,0.5982585596221959,0.6240948445493899
META_Ada,,,,,,,,,,,,,,,,,,,,,,,,,,,,,,,,,,,,,,,,,,,,,,,,,,,,,,,,,,,0.44935064935064933,0.5134199134199134,0.5401908697363244,0.5553915781188508,0.5289551357733175,0.4911157024793388,0.547461629279811,0.5365800865800866,0.5489177489177489,0.5633805588351043,0.4416273120818575,0.5410271546635184,0.5521349862258953,0.5694116489571035,0.5904073199527746,0.540810704447068,0.6106060606060606,0.4534730421094057,0.5785714285714286,0.5651810310901221,0.5786009445100354,0.5471369539551358,0.5333333333333334,0.4599665486029122,0.4660271546635183,0.5709956709956711,0.5457693821330184,0.5410074773711137,0.5457693821330184,0.5457693821330184,0.5457693821330184,0.5457693821330184,0.5346221959858324,0.5594057457693821,0.5546044864226682,0.5550767414403778,0.5479338842975207,0.5580480125934671
META_MLP1,,,,,,,,,,,,,,,,,,,,,,,,,,,,,,,,,,,,,,,,,,,,,,,,,,,,,,,,,,,,0.5506493506493507,0.5880460448642267,0.6065722156631248,0.5676406926406926,0.571969696969697,0.5939393939393939,0.5806375442739079,0.603935458480913,0.6045848091302636,0.5042207792207792,0.5907319952774498,0.597668240850059,0.6092581660763479,0.6243506493506492,0.592168437622983,0.6412436048799686,0.547943722943723,0.6295552931916568,0.618526170798898,0.6297815820543093,0.601741440377804,0.5774695001967729,0.5594155844155845,0.566991341991342,0.6217630853994491,0.58461235733963,0.5945690672963401,0.58461235733963,0.58461235733963,0.58461235733963,0.58461235733963,0.5830873671782763,0.611668634395907,0.5833136560409288,0.6088547815820544,0.5982487209759937,0.605883510428965
DNA_SVC,,,,,,,,,,,,,,,,,,,,,,,,,,,,,,,,,,,,,,,,,,,,,,,,,,,,,,,,,,,,,0.5692640692640693,0.5938508461235734,0.5757378984651711,0.5562573789846517,0.581158992522629,0.5778335301062574,0.5930342384887839,0.5750196772924046,0.5442345533254624,0.5813164108618654,0.5827528532073986,0.5979732388823298,0.6258461235733963,0.5885773317591501,0.6496556473829201,0.5620916961826052,0.6329889807162534,0.6256690279417552,0.6373573396300669,0.6097304210940575,0.5786698150334514,0.5889118457300275,0.5781090121999213,0.6273612750885478,0.6000491932310115,0.6004820936639118,0.6000491932310115,0.6000491932310115,0.6000491932310115,0.6000491932310115,0.5944510035419126,0.620611963793782,0.6024793388429752,0.6249114521841795,0.6069756001574184,0.617345533254624
DNA_RFC,,,,,,,,,,,,,,,,,,,,,,,,,,,,,,,,,,,,,,,,,,,,,,,,,,,,,,,,,,,,,,0.5831168831168831,0.592689885871704,0.5732487209759937,0.6019283746556474,0.595434868162141,0.6037190082644628,0.599232585596222,0.5511117670208578,0.6005509641873278,0.5936934277843369,0.6124655647382921,0.6289551357733176,0.603168044077135,0.6629279811097992,0.5912731208185754,0.6462613144431326,0.6276761117670209,0.6495375836284928,0.6069756001574184,0.594923258559622,0.5959366391184573,0.5883215269578905,0.629594647776466,0.59818968909878,0.6007870916961826,0.59818968909878,0.59818968909878,0.59818968909878,0.59818968909878,0.5969598583234947,0.615072805981897,0.6093860684769776,0.6197560015741834,0.6038173947264857,0.6200314836678473
DNA_SVM,,,,,,,,,,,,,,,,,,,,,,,,,,,,,,,,,,,,,,,,,,,,,,,,,,,,,,,,,,,,,,,0.5521645021645022,0.5618457300275482,0.5798799685163322,0.5591597796143251,0.578551751279024,0.5770267611176702,0.5195985832349468,0.56504329004329,0.5853699330972058,0.598504525777253,0.6218319559228649,0.5928866587957498,0.6432211727666273,0.5531385281385282,0.6315328610783156,0.6248229043683589,0.6336973632428178,0.6048307752853207,0.5810114128295947,0.5555981896890988,0.5586875245966155,0.6241735537190083,0.5988882329791421,0.5978059818968909,0.5988882329791421,0.5988882329791421,0.5988882329791421,0.5988882329791421,0.5962809917355372,0.6144726485635577,0.6065328610783156,0.6133412042502953,0.5991046831955924,0.6105568673750492
DNA_SVP,,,,,,,,,,,,,,,,,,,,,,,,,,,,,,,,,,,,,,,,,,,,,,,,,,,,,,,,,,,,,,,,0.5493506493506495,0.5598288075560802,0.5358028335301063,0.5610783156237701,0.5873573396300669,0.5062573789846516,0.5843860684769776,0.5811393152302243,0.571625344352617,0.621103896103896,0.5869834710743802,0.644460842188115,0.5522924045651318,0.6271448248720976,0.6187229437229438,0.6297619047619047,0.6007969303423849,0.5719795356158992,0.5620129870129869,0.5676406926406926,0.620434868162141,0.5730716253443526,0.5782664305391579,0.5730716253443526,0.5730716253443526,0.5730716253443526,0.5730716253443526,0.5684769775678866,0.5986127508854782,0.580224321133412,0.594431326249508,0.579348681621409,0.5988095238095237
DNA_Logistic,,,,,,,,,,,,,,,,,,,,,,,,,,,,,,,,,,,,,,,,,,,,,,,,,,,,,,,,,,,,,,,,,0.5748917748917749,0.5609602518693427,0.5884691066509248,0.5915387642660369,0.5462711530893348,0.5841794569067296,0.5921782762691853,0.5965269578905943,0.6328512396694215,0.5971664698937426,0.654702872884691,0.5781483667847305,0.640633608815427,0.6313557654466745,0.6430440771349862,0.607034632034632,0.5962809917355372,0.5925324675324676,0.5841302636757182,0.6332743014561196,0.6031483667847304,0.6031483667847304,0.6031483667847304,0.6031483667847304,0.6031483667847304,0.6031483667847304,0.5913911845730027,0.6189492325855961,0.6038567493112947,0.6169618260527351,0.6066115702479339,0.6195789059425423
DNA_Ridge,,,,,,,,,,,,,,,,,,,,,,,,,,,,,,,,,,,,,,,,,,,,,,,,,,,,,,,,,,,,,,,,,,0.5612554112554112,0.5798110979929161,0.5929752066115702,0.5366489571035025,0.549547422274695,0.5840515545060999,0.5847599370326643,0.6280303030303029,0.5890200708382526,0.6494293585202675,0.5670306965761511,0.6368752459661551,0.6277941755214483,0.6390495867768594,0.6073888232979142,0.5848091302636758,0.5742325855962219,0.5736619441164896,0.6290830381739472,0.5990358126721762,0.6014167650531287,0.5990358126721762,0.5990358126721762,0.5990358126721762,0.5990358126721762,0.5968811491538764,0.6146202282565919,0.6053719008264462,0.6141479732388823,0.6027154663518299,0.614167650531287
DNA_EN,,,,,,,,,,,,,,,,,,,,,,,,,,,,,,,,,,,,,,,,,,,,,,,,,,,,,,,,,,,,,,,,,,,0.5846320346320345,0.5968516332152696,0.5488390397481306,0.563754427390791,0.590771349862259,0.607103502558048,0.6373278236914601,0.6031286894923259,0.6636953955135774,0.589098780007871,0.6487603305785123,0.6242030696576151,0.6507083825265644,0.6100354191263282,0.6029712711530893,0.6039157811885085,0.6002361275088548,0.6405352223534042,0.608323494687131,0.6068083431719795,0.608323494687131,0.608323494687131,0.608323494687131,0.608323494687131,0.6032664305391578,0.6271546635182998,0.6112947658402204,0.6197363242817788,0.6074576938213302,0.6156237701692246
DNA_ET,,,,,,,,,,,,,,,,,,,,,,,,,,,,,,,,,,,,,,,,,,,,,,,,,,,,,,,,,,,,,,,,,,,,0.588095238095238,0.5463695395513577,0.5903778040141676,0.5938114915387643,0.6046930342384887,0.6209268004722549,0.6061786698150333,0.6622392758756395,0.5922766627312083,0.6464384100747738,0.6232880755608028,0.6429850452577724,0.6127016922471468,0.6105470287288469,0.5665387642660369,0.6001475796930342,0.6321526957890595,0.6018299881936245,0.6076938213301849,0.6018299881936245,0.6018299881936245,0.6018299881936245,0.6018299881936245,0.6012691853600944,0.6217434081070444,0.6004722550177096,0.618595041322314,0.6042109405745769,0.6156237701692246
DNA_KNN,,,,,,,,,,,,,,,,,,,,,,,,,,,,,,,,,,,,,,,,,,,,,,,,,,,,,,,,,,,,,,,,,,,,,0.44978354978354973,0.5399350649350649,0.5460940574576939,0.5616883116883117,0.5823593073593074,0.5402302243211334,0.60961235733963,0.4516233766233766,0.5890495867768595,0.5732683982683983,0.5873376623376623,0.5590613931523023,0.5317197953561589,0.48505509641873273,0.49180440771349865,0.5780106257378984,0.5541617473435655,0.5468024399842581,0.5541617473435655,0.5541617473435655,0.5541617473435655,0.5541617473435655,0.5480125934671389,0.5652007083825266,0.5638528138528139,0.5661944116489572,0.5509149940968123,0.5595533254624164
DNA_XGB,,,,,,,,,,,,,,,,,,,,,,,,,,,,,,,,,,,,,,,,,,,,,,,,,,,,,,,,,,,,,,,,,,,,,,0.5692640692640694,0.5897579693034238,0.6026072412436048,0.6136068476977569,0.5946280991735537,0.6557851239669421,0.5726584022038568,0.6404171585989767,0.6168339236521054,0.6428079496261315,0.6044765840220385,0.5781778827233373,0.5841302636757183,0.5823199527744982,0.6179063360881543,0.5896694214876034,0.5955135773317591,0.5896694214876034,0.5896694214876034,0.5896694214876034,0.5896694214876034,0.5857438016528926,0.6080676898858718,0.5906926406926407,0.6089925226288863,0.5963793781975599,0.6101338055883512
DNA_Ada,,,,,,,,,,,,,,,,,,,,,,,,,,,,,,,,,,,,,,,,,,,,,,,,,,,,,,,,,,,,,,,,,,,,,,,0.575108225108225,0.6007969303423849,0.6413616686343959,0.6002656434474616,0.6666174734356553,0.5875049193231012,0.6501672569854386,0.62918142463597,0.6529909484454939,0.6107634789452971,0.5934081070444707,0.5952774498229043,0.5906336088154269,0.6328512396694215,0.5940082644628099,0.5957398661944117,0.5940082644628099,0.5940082644628099,0.5940082644628099,0.5940082644628099,0.5919815033451397,0.6173848878394332,0.5949232585596221,0.6313459268004723,0.595090515545061,0.6245277449822904
DNA_MLP1,,,,,,,,,,,,,,,,,,,,,,,,,,,,,,,,,,,,,,,,,,,,,,,,,,,,,,,,,,,,,,,,,,,,,,,,0.5932900432900432,0.6327725304998031,0.6251574183392365,0.6648071625344353,0.5697264856355766,0.6513872491145218,0.632595434868162,0.6509937032664305,0.6239767807949625,0.6076741440377804,0.6112849271940182,0.6023514364423455,0.6388331365604093,0.6145513577331758,0.6271054702872884,0.6145513577331758,0.6145513577331758,0.6145513577331758,0.6145513577331758,0.6129673356946084,0.6248032270759544,0.6152302243211334,0.6265249901613538,0.6238587170405352,0.6296241637150728
PATHWAYS_SVC,,,,,,,,,,,,,,,,,,,,,,,,,,,,,,,,,,,,,,,,,,,,,,,,,,,,,,,,,,,,,,,,,,,,,,,,,0.6056277056277056,0.5903876426603699,0.6265741833923653,0.6220188902007084,0.6205135773317592,0.6154466745375835,0.6204250295159386,0.6147186147186148,0.5989964580873672,0.5759937032664305,0.5889610389610389,0.6159681227863046,0.629250295159386,0.6260035419126329,0.629250295159386,0.629250295159386,0.629250295159386,0.629250295159386,0.6220287288469105,0.6273022432113342,0.6184376229830775,0.6281778827233373,0.6290338449429358,0.6340121999212908
PATHWAYS_RFC,,,,,,,,,,,,,,,,,,,,,,,,,,,,,,,,,,,,,,,,,,,,,,,,,,,,,,,,,,,,,,,,,,,,,,,,,,0.5692640692640693,0.6145808736717828,0.5458382526564345,0.5998622589531679,0.6010527351436442,0.5918044077134986,0.5647481306572215,0.5770956316410862,0.5523514364423455,0.5498130657221566,0.6064147973238881,0.5912632821723731,0.5927784336875246,0.5912632821723731,0.5912632821723731,0.5912632821723731,0.5912632821723731,0.5888921684376229,0.6038173947264858,0.5934081070444707,0.6047619047619047,0.5966745375836284,0.6126131444313263
PATHWAYS_SVM,,,,,,,,,,,,,,,,,,,,,,,,,,,,,,,,,,,,,,,,,,,,,,,,,,,,,,,,,,,,,,,,,,,,,,,,,,,0.629004329004329,0.647668240850059,0.6248917748917749,0.6158894136166864,0.6271841794569069,0.6181326249508068,0.6192050373868556,0.6225009838646202,0.614413616686344,0.6207792207792208,0.6489374262101534,0.6463400236127509,0.6489374262101534,0.6489374262101534,0.6489374262101534,0.6489374262101534,0.6460547028728847,0.6556473829201102,0.6476977567886658,0.6545848091302637,0.6491538764266036,0.6541322314049587
PATHWAYS_SVP,,,,,,,,,,,,,,,,,,,,,,,,,,,,,,,,,,,,,,,,,,,,,,,,,,,,,,,,,,,,,,,,,,,,,,,,,,,,0.5214285714285714,0.6275383707201888,0.5880362062180244,0.6049193231011414,0.577646595828414,0.5487996851633214,0.5260133805588351,0.5219598583234947,0.5939885871704054,0.5588055883510429,0.5520956316410862,0.5588055883510429,0.5588055883510429,0.5588055883510429,0.5588055883510429,0.5478453364817001,0.5810999606454151,0.5646792601338056,0.5621802439984258,0.5592384887839433,0.5729535615899252
PATHWAYS_Logistic,,,,,,,,,,,,,,,,,,,,,,,,,,,,,,,,,,,,,,,,,,,,,,,,,,,,,,,,,,,,,,,,,,,,,,,,,,,,,0.6106060606060606,0.6098681621408893,0.6152794175521448,0.6199626131444314,0.6051357733175914,0.5872195985832349,0.5957988980716253,0.6082251082251082,0.6337859110586384,0.6320543093270365,0.6337859110586384,0.6337859110586384,0.6337859110586384,0.6337859110586384,0.6248425816607635,0.6376820149547422,0.6215072805981896,0.6303423848878393,0.634651711924439,0.6398465171192443
PATHWAYS_Ridge,,,,,,,,,,,,,,,,,,,,,,,,,,,,,,,,,,,,,,,,,,,,,,,,,,,,,,,,,,,,,,,,,,,,,,,,,,,,,,0.5974025974025975,0.6088744588744588,0.6087563951200315,0.6062967335694609,0.5763675718221173,0.5778827233372688,0.6051062573789846,0.6208284140102321,0.6232093663911846,0.6208284140102321,0.6208284140102321,0.6208284140102321,0.6208284140102321,0.6170897284533648,0.6215367965367966,0.6115899252262887,0.6215072805981897,0.6253738685556868,0.626672569854388
PATHWAYS_EN,,,,,,,,,,,,,,,,,,,,,,,,,,,,,,,,,,,,,,,,,,,,,,,,,,,,,,,,,,,,,,,,,,,,,,,,,,,,,,,0.6108225108225109,0.6206611570247934,0.6011019283746556,0.6049390003935458,0.6000393545848091,0.6111668634395906,0.6338154269972451,0.6310015741833923,0.6338154269972451,0.6338154269972451,0.6338154269972451,0.6338154269972451,0.621418732782369,0.6366292798110981,0.6200314836678473,0.6282172373081464,0.6340318772136954,0.6385773317591499
PATHWAYS_ET,,,,,,,,,,,,,,,,,,,,,,,,,,,,,,,,,,,,,,,,,,,,,,,,,,,,,,,,,,,,,,,,,,,,,,,,,,,,,,,,0.5824675324675325,0.5574773711137349,0.5530106257378984,0.5576741440377804,0.6089236521054703,0.5963695395513577,0.6009149940968123,0.5963695395513577,0.5963695395513577,0.5963695395513577,0.5963695395513577,0.5944411648957104,0.6147678079496262,0.6006690279417551,0.6192640692640693,0.6019972451790634,0.6116391184573002
PATHWAYS_KNN,,,,,,,,,,,,,,,,,,,,,,,,,,,,,,,,,,,,,,,,,,,,,,,,,,,,,,,,,,,,,,,,,,,,,,,,,,,,,,,,,0.5653679653679654,0.5555489964580873,0.5702479338842975,0.6075167256985439,0.5847304210940575,0.587288469106651,0.5847304210940575,0.5847304210940575,0.5847304210940575,0.5847304210940575,0.5769972451790634,0.6050767414403777,0.5863833136560409,0.606158992522629,0.5898858717040535,0.6048602912239276
PATHWAYS_XGB,,,,,,,,,,,,,,,,,,,,,,,,,,,,,,,,,,,,,,,,,,,,,,,,,,,,,,,,,,,,,,,,,,,,,,,,,,,,,,,,,,0.537012987012987,0.5399645808736717,0.5794273907910272,0.5483175914994097,0.5442050373868556,0.5483175914994097,0.5483175914994097,0.5483175914994097,0.5483175914994097,0.5466646989374262,0.5593565525383707,0.5580480125934671,0.5620425029515939,0.5500491932310114,0.557310114128296
PATHWAYS_Ada,,,,,,,,,,,,,,,,,,,,,,,,,,,,,,,,,,,,,,,,,,,,,,,,,,,,,,,,,,,,,,,,,,,,,,,,,,,,,,,,,,,0.5329004329004329,0.5842876820149548,0.5524301456119638,0.5524301456119638,0.5524301456119638,0.5524301456119638,0.5524301456119638,0.5524301456119638,0.5498524203069658,0.5673652105470287,0.5632428177882722,0.5675914994096811,0.5578414010232191,0.5669716646989374
PATHWAYS_MLP1,,,,,,,,,,,,,,,,,,,,,,,,,,,,,,,,,,,,,,,,,,,,,,,,,,,,,,,,,,,,,,,,,,,,,,,,,,,,,,,,,,,,0.6017316017316017,0.6281582054309327,0.6266430539157811,0.6281582054309327,0.6281582054309327,0.6281582054309327,0.6281582054309327,0.6194313262495081,0.6320543093270365,0.6156631247540337,0.6244982290436836,0.6288075560802833,0.6305391578118851
TYPE_SVC,,,,,,,,,,,,,,,,,,,,,,,,,,,,,,,,,,,,,,,,,,,,,,,,,,,,,,,,,,,,,,,,,,,,,,,,,,,,,,,,,,,,,0.5755411255411256,0.5580086580086581,0.5755411255411256,0.5755411255411256,0.5755411255411256,0.5755411255411256,0.5760822510822511,0.5818181818181818,0.5831168831168831,0.5710743801652892,0.5662337662337662,0.5678866587957497
TYPE_RFC,,,,,,,,,,,,,,,,,,,,,,,,,,,,,,,,,,,,,,,,,,,,,,,,,,,,,,,,,,,,,,,,,,,,,,,,,,,,,,,,,,,,,,0.570995670995671,0.5744588744588744,0.5744588744588744,0.5744588744588744,0.5744588744588744,0.557034632034632,0.5811688311688311,0.57987012987013,0.5754033844942935,0.5738095238095238,0.5808736717827627
TYPE_SVM,,,,,,,,,,,,,,,,,,,,,,,,,,,,,,,,,,,,,,,,,,,,,,,,,,,,,,,,,,,,,,,,,,,,,,,,,,,,,,,,,,,,,,,0.5755411255411256,0.5755411255411256,0.5755411255411256,0.5755411255411256,0.5760822510822511,0.5818181818181818,0.5831168831168831,0.5710743801652892,0.5662337662337662,0.5678866587957497
TYPE_SVP,,,,,,,,,,,,,,,,,,,,,,,,,,,,,,,,,,,,,,,,,,,,,,,,,,,,,,,,,,,,,,,,,,,,,,,,,,,,,,,,,,,,,,,,0.5755411255411256,0.5755411255411256,0.5755411255411256,0.5760822510822511,0.5818181818181818,0.5831168831168831,0.5710743801652892,0.5662337662337662,0.5678866587957497
TYPE_Logistic,,,,,,,,,,,,,,,,,,,,,,,,,,,,,,,,,,,,,,,,,,,,,,,,,,,,,,,,,,,,,,,,,,,,,,,,,,,,,,,,,,,,,,,,,0.5755411255411256,0.5755411255411256,0.5760822510822511,0.5818181818181818,0.5831168831168831,0.5710743801652892,0.5662337662337662,0.5678866587957497
TYPE_Ridge,,,,,,,,,,,,,,,,,,,,,,,,,,,,,,,,,,,,,,,,,,,,,,,,,,,,,,,,,,,,,,,,,,,,,,,,,,,,,,,,,,,,,,,,,,0.5755411255411256,0.5760822510822511,0.5818181818181818,0.5831168831168831,0.5710743801652892,0.5662337662337662,0.5678866587957497
TYPE_EN,,,,,,,,,,,,,,,,,,,,,,,,,,,,,,,,,,,,,,,,,,,,,,,,,,,,,,,,,,,,,,,,,,,,,,,,,,,,,,,,,,,,,,,,,,,0.5707792207792207,0.5799783549783549,0.5853600944510037,0.5766430539157812,0.5778138528138528,0.568388429752066
TYPE_ET,,,,,,,,,,,,,,,,,,,,,,,,,,,,,,,,,,,,,,,,,,,,,,,,,,,,,,,,,,,,,,,,,,,,,,,,,,,,,,,,,,,,,,,,,,,,0.5889610389610389,0.5682014954742227,0.5916765053128689,0.5772727272727273,0.5910468319559229
TYPE_KNN,,,,,,,,,,,,,,,,,,,,,,,,,,,,,,,,,,,,,,,,,,,,,,,,,,,,,,,,,,,,,,,,,,,,,,,,,,,,,,,,,,,,,,,,,,,,,0.5807359307359308,0.5600747737111373,0.5517316017316019,0.5542699724517905
TYPE_XGB,,,,,,,,,,,,,,,,,,,,,,,,,,,,,,,,,,,,,,,,,,,,,,,,,,,,,,,,,,,,,,,,,,,,,,,,,,,,,,,,,,,,,,,,,,,,,,0.5887445887445887,0.5886068476977568,0.5904368358913814
TYPE_Ada,,,,,,,,,,,,,,,,,,,,,,,,,,,,,,,,,,,,,,,,,,,,,,,,,,,,,,,,,,,,,,,,,,,,,,,,,,,,,,,,,,,,,,,,,,,,,,,0.5757575757575757,0.5763282172373081
TYPE_MLP1,,,,,,,,,,,,,,,,,,,,,,,,,,,,,,,,,,,,,,,,,,,,,,,,,,,,,,,,,,,,,,,,,,,,,,,,,,,,,,,,,,,,,,,,,,,,,,,,0.5848484848484848
